Include,Block,Lot,Qual,Address,Class,Bldg,Type,Design,VCS,Zoning,Location,Special Region,Category,Sale Date,$ Sale Price,Acres,$/Acre,Package,Notes
Y,1000,33,00,GRANT CONCOURSE,1,10,,,PNWD,R400  ,,Normal,landlocked,2025-02-24,"$4,000",0.11,"$36,364",N,LAND LOCKED NON CONFORMING
Y,1004,9,00,GRANT CONCOURSE,1,10,,,PNWD,R150,,Normal,building_lot,2022-03-14,"$27,500",0.65,"$42,308",N,CONFORMING LOT BETWEEN TWO HOUSES
Y,1005,12.01,,20 GRANT CONCOURSE,1,10,,,PNWD,R150,,Normal,building_lot,2021-06-30,"$30,000",0.43,"$69,767",N,CONFORMING LOT ON STREET NEXT TO HOUSE
Y,1006,1,,MORRIS AVE,1,10,,,PNWD,R150,,Normal,landlocked,2023-07-01,"$20,000",0.92,"$21,739",N,LAND LOCKED REAR LOT
N,1007,1,00,890 ROUTE 9,1,10,,,COMM,R150,,Normal,commercial_land,2026-05-18,"$165,000",0.8,"$206,250",N,ON BUSY RD NEXT TO COMM
Y,1008,6,00,GRANT CONCOURSE,1,10,,,PNWD,R400  ,,Normal,landlocked,2022-05-27,"$8,000",0.22,"$36,364",N,LAND LOCKED POSSIBLE DIRT RD TO LOT
N,1014,26.01,07,9 HALIFAX RD,2,37,30,08,CCTH,CNC,,Normal,pre-construction,2024-12-13,"$414,990",0,,N,SALE OF NEW CONSTRUCTION
N,1014,26.01,07,11 HALIFAX RD,2,37,30,08,CCTH,CNC,,Normal,pre-construction,2024-12-06,"$419,990",0,,N,SALE OF NEW CONSTRUCTION
N,1014,26.01,07,13 HALIFAX RD,2,37,30,08,CCTH,CNC,,Normal,pre-construction,2024-11-20,"$424,990",0,,N,SALE OF NEW CONSTRUCTION
N,1014,26.01,07,15 HALIFAX RD,2,37,30,08,CCTH,CNC,,Normal,pre-construction,2024-12-04,"$414,990",0,,N,SALE OF NEW CONSTRUCTION
N,1014,26.01,07,17 HALIFAX RD,2,37,30,08,CCTH,CNC,,Normal,pre-construction,2024-12-26,"$469,990",0,,N,SALE OF NEW CONSTRUCTION
N,1014,26.01,07,19 HALIFAX RD,2,37,30,09,CCTH,CNC,,Normal,pre-construction,2025-01-31,"$480,000",0,,N,SALE OF NEW CONSTRUCTION
N,1014,26.01,07,12 HALIFAX RD,2,37,30,08,CCTH,CNC,,Normal,pre-construction,2025-01-13,"$399,990",0,,N,SALE OF NEW CONSTRUCTION
N,1014,26.01,07,20 HALIFAX RD,2,37,30,09,CCTH,CNC,,Normal,pre-construction,2024-12-19,"$499,990",0,,N,SALE OF NEW CONSTRUCTION
N,1014,26.01,07,23 HALIFAX RD,2,35,30,09,CCTH,CNC,,Normal,pre-construction,2025-09-19,"$524,105",0,,N,SALE OF NEW CONSTRUCTION
N,1014,26.01,07,25 HALIFAX RD,2,35,30,08,CCTH,CNC,,Normal,pre-construction,2025-09-26,"$474,863",0,,N,SALE OF NEW CONSTRUCTION
N,1014,26.01,07,29 HALIFAX RD,1,37,30,08,CCTH,CNC,,Normal,uncategorized,2025-10-22,"$428,675",0,,N,SALE OF NEW CONSTRUCTION
N,1014,26.01,07,31 HALIFAX RD,1,37,30,08,CCTH,CNC,,Normal,building-lot,2025-12-29,"$412,165",0,,N,SALE OF NEW CONSTRUCTION
N,1014,26.01,07,33 HALIFAX RD,2,35,30,08,CCTH,CNC,,Normal,pre-construction,2025-09-12,"$427,630",0,,N,SALE OF NEW CONSTRUCTION
N,1014,26.01,07,35 HALIFAX RD,1,37,30,08,CCTH,CNC,,Normal,building-lot,2026-04-23,"$476,495",0,,N,SALE OF NEW CONSTRUCTION
N,1014,26.01,07,37 HALIFAX RD,2,35,30,09,CCTH,CNC,,Normal,pre-construction,2025-09-12,"$507,190",0,,N,SALE OF NEW CONSTRUCTION
N,1014,26.01,07,22 HALIFAX RD,1,37,30,08,CCTH,CNC,,Normal,building-lot,2025-10-24,"$499,990",0,,N,SALE OF NEW CONSTRUCTION
N,1014,26.01,07,24 HALIFAX RD,1,37,30,08,CCTH,CNC,,Normal,building-lot,2025-12-29,"$465,720",0,,N,SALE OF NEW CONSTRUCTION
N,1014,26.01,07,26 HALIFAX RD,1,37,30,08,CCTH,CNC,,Normal,building-lot,2025-12-01,"$476,175",0,,N,SALE OF NEW CONSTRUCTION
N,1014,26.01,07,28 HALIFAX RD,1,37,30,08,CCTH,CNC,,Normal,building-lot,2025-12-29,"$435,480",0,,N,SALE OF NEW CONSTRUCTION
N,1014,26.01,07,30 HALIFAX RD,1,37,30,08,CCTH,CNC,,Normal,building-lot,2025-11-06,"$432,900",0,,N,SALE OF NEW CONSTRUCTION
N,1014,26.01,07,32 HALIFAX RD,1,37,30,08,CCTH,CNC,,Normal,building-lot,2025-12-30,"$440,685",0,,N,SALE OF NEW CONSTRUCTION
N,1014,26.01,07,34 HALIFAX RD,1,37,30,08,CCTH,CNC,,Normal,building-lot,2026-01-09,"$432,780",0,,N,SALE OF NEW CONSTRUCTION
N,1014,26.01,07,36 HALIFAX RD,1,37,30,08,CCTH,CNC,,Normal,building-lot,2025-12-30,"$431,470",0,,N,SALE OF NEW CONSTRUCTION
N,1014,26.01,07,38 HALIFAX RD,1,37,30,08,CCTH,CNC,,Normal,building-lot,2025-12-29,"$438,475",0,,N,SALE OF NEW CONSTRUCTION
N,1014,26.01,07,40 HALIFAX RD,1,37,30,08,CCTH,CNC,,Normal,building-lot,2025-12-30,"$478,490",0,,N,SALE OF NEW CONSTRUCTION
N,1014,26.01,07,42 HALIFAX RD,1,37,30,08,CCTH,CNC,,Normal,building-lot,2025-10-27,"$467,865",0,,N,SALE OF NEW CONSTRUCTION
N,1014,26.01,07,46 HALIFAX RD,1,37,30,09,CCTH,CNC,,Normal,building-lot,2025-12-02,"$475,000",0,,N,SALE OF NEW CONSTRUCTION
N,1014,26.01,07,48 HALIFAX RD,1,37,30,08,CCTH,CNC,,Normal,building-lot,2026-01-02,"$480,595",0,,N,SALE OF NEW CONSTRUCTION
N,1014,26.01,07,50 HALIFAX RD,1,37,30,08,CCTH,CNC,,Normal,building-lot,2025-12-30,"$495,480",0,,N,SALE OF NEW CONSTRUCTION
N,1014,26.01,07,52 HALIFAX RD,1,37,30,09,CCTH,CNC,,Normal,building-lot,2025-12-16,"$449,465",0,,N,SALE OF NEW CONSTRUCTION
N,1014,26.01,07,54 HALIFAX RD,1,37,30,08,CCTH,CNC,,Normal,building-lot,2026-01-02,"$435,920",0,,N,SALE OF NEW CONSTRUCTION
N,1014,26.01,07,56 HALIFAX RD,1,37,30,08,CCTH,CNC,,Normal,building-lot,2025-12-10,"$436,030",0,,N,SALE OF NEW CONSTRUCTION
N,1014,26.01,07,58 HALIFAX RD,1,37,30,08,CCTH,CNC,,Normal,building-lot,2026-01-27,"$426,095",0,,N,SALE OF NEW CONSTRUCTION
N,1014,26.01,07,60 HALIFAX RD,1,37,30,08,CCTH,CNC,,Normal,building-lot,2025-12-17,"$429,420",0,,N,SALE OF NEW CONSTRUCTION
N,1014,26.01,07,62 HALIFAX RD,1,37,30,08,CCTH,CNC,,Normal,building-lot,2025-12-16,"$409,990",0,,N,SALE OF NEW CONSTRUCTION
N,1014,26.01,07,64 HALIFAX RD,1,37,30,08,CCTH,CNC,,Normal,building-lot,2025-12-26,"$479,505",0,,N,SALE OF NEW CONSTRUCTION
N,1014,26.01,07,66 HALIFAX RD,1,37,30,08,CCTH,CNC,,Normal,building-lot,2026-02-06,"$498,090",0,,N,SALE OF NEW CONSTRUCTION
N,1014,26.01,07,68 HALIFAX RD,1,37,30,09,CCTH,CNC,,Normal,building-lot,2025-12-15,"$542,090",0,,N,SALE OF NEW CONSTRUCTION
N,1014,26.01,,1 PELHAM LN,1,37,30,02,CCTH,CNC,,Normal,pre-construction,2026-01-16,"$166,750",0,,N,LOT SOLD FROM DEVELOPER TO CONSTRUCTION COMPANY NEW HOUSE BUILT 
N,1014,26.01,,3 PELHAM LN,1,37,30,02,CCTH,CNC,,Normal,building-lot,2026-01-16,"$166,750",0,,N,LOT SOLD FROM DEVELOPER TO CONSTRUCTION COMPANY NEW HOUSE BUILT 
N,1014,26.01,07,5 PELHAM LN,1,37,30,02,CCTH,CNC,,Normal,building-lot,2026-06-29,"$403,800",0,,N,SALE OF NEW CONSTRUCTION
N,1014,26.01,,7 PELHAM LN,1,37,30,02,CCTH,CNC,,Normal,building-lot,2026-01-16,"$110,750",0,,N,LOT SOLD FROM DEVELOPER TO CONSTRUCTION COMPANY NEW HOUSE BUILT 
N,1014,26.01,,9 PELHAM LN,1,37,30,02,CCTH,CNC,,Normal,building-lot,2026-01-16,"$110,750",0,,N,LOT SOLD FROM DEVELOPER TO CONSTRUCTION COMPANY NEW HOUSE BUILT 
N,1014,26.01,,11 PELHAM LN,1,37,30,02,CCTH,CNC,,Normal,building-lot,2026-01-16,"$110,750",0,,N,LOT SOLD FROM DEVELOPER TO CONSTRUCTION COMPANY NEW HOUSE BUILT 
N,1014,26.01,07,13 PELHAM LN,1,37,30,02,CCTH,CNC,,Normal,building-lot,2026-06-26,"$484,790",0,,N,SALE OF NEW CONSTRUCTION
N,1014,26.01,07,15 PELHAM LN,1,37,30,02,CCTH,CNC,,Normal,building-lot,2026-06-30,"$517,595",0,,N,SALE OF NEW CONSTRUCTION
N,1014,26.01,07,2 PELHAM LN,1,37,30,09,CCTH,CNC,,Normal,building-lot,2026-05-06,"$479,990",0,,N,SALE OF NEW CONSTRUCTION
N,1014,26.01,07,4 PELHAM LN,1,37,30,08,CCTH,CNC,,Normal,building-lot,2026-04-29,"$489,945",0,,N,SALE OF NEW CONSTRUCTION
N,1014,26.01,07,6 PELHAM LN,1,37,30,08,CCTH,CNC,,Normal,building-lot,2026-05-15,"$433,260",0,,N,SALE OF NEW CONSTRUCTION
N,1014,26.01,07,8 PELHAM LN,1,37,30,08,CCTH,CNC,,Normal,building-lot,2026-04-15,"$390,580",0,,N,SALE OF NEW CONSTRUCTION
N,1014,26.01,07,10 PELHAM LN,1,37,30,08,CCTH,CNC,,Normal,building-lot,2026-05-13,"$431,260",0,,N,SALE OF NEW CONSTRUCTION
N,1014,26.01,07,12 PELHAM LN,1,37,30,08,CCTH,CNC,,Normal,building-lot,2026-05-14,"$423,565",0,,N,SALE OF NEW CONSTRUCTION
N,1014,26.01,07,14 PELHAM LN,1,37,30,08,CCTH,CNC,,Normal,building-lot,2026-05-15,"$404,990",0,,N,SALE OF NEW CONSTRUCTION
N,1014,26.01,07,16 PELHAM LN,1,37,30,08,CCTH,CNC,,Normal,building-lot,2026-04-10,"$469,265",0,,N,SALE OF NEW CONSTRUCTION
N,1014,26.01,07,18 PELHAM LN,1,37,30,08,CCTH,CNC,,Normal,building-lot,2026-04-08,"$463,100",0,,N,SALE OF NEW CONSTRUCTION
N,1014,26.01,07,20 PELHAM LN,1,37,30,09,CCTH,CNC,,Normal,building-lot,2026-04-28,"$522,220",0,,N,SALE OF NEW CONSTRUCTION
Y,1023,14.02,,34 COVE RD W,2,14,10,03,RBRF,R100,,River Front,teardown,2024-10-05,"$700,000",0.6,"$1,166,667",N,PURCHASED AS TEAR DOWN NEW CONSTRUCTION BEING BUILT
Y,1023,25,,14 COVE RD W,2,17,10,04,RBRF,R100,,River Front,pre-construction,2021-01-08,"$435,000",0.5,"$870,000",N,PURCHASED AS TEAR DOWN NEW HOUSE BUILT
Y,1023.01,9,00,33 COVE DR,1,10,,,RVBK,R100,,River View,building_lot,2024-07-29,"$224,000",0.16,"$1,400,000",N,CONFORMING LOT ON CUL DE SAC
Y,1033,49,,BAY VIEW PL,1,10,,,RVBK,R100,,River View,landlocked,2021-04-29,"$127,500",0.23,"$554,348",N,CONFORMING LOT WITH DIRT ROAD
Y,1067,9.02,,312 ATLANTIC CITY AVE,1,10,10,02,RVBK,R100,,Normal,building_lot,2024-10-04,"$125,000",0.23,"$543,478",N,SUBDIVIDED IN 2024 NEW CONSTRUCTION BEING BUILT
Y,1074,1.01,00,LOUIS AVE,1,10,,,RVBK,R100,,Normal,building_lot,2021-08-03,"$370,000",2.31,"$160,173",N,CONFORMING LOT WITH ROAD FRONTAGE
N,1077,1.02,07,2 MILL CREEK COURT,2,35,30,09,BCCD,RMF,,Normal,pre-construction,2024-09-18,"$418,625",0,,N,SALE OF NEW CONSTRUCTION
N,1077,1.02,07,4 MILL CREEK COURT,2,35,30,08,BCCD,RMF,,Normal,pre-construction,2024-09-16,"$359,000",0,,N,SALE OF NEW CONSTRUCTION
N,1077,1.02,07,6 MILL CREEK COURT,2,35,30,08,BCCD,RMF,,Normal,pre-construction,2024-10-22,"$398,589",0,,N,SALE OF NEW CONSTRUCTION
N,1077,1.02,07,12 MILL CREEK COURT,2,35,31,09,BCCD,RMF,,Normal,pre-construction,2024-09-26,"$389,000",0,,N,SALE OF NEW CONSTRUCTION
N,1077,1.02,07,30 MILL CREEK COURT,2,35,31,09,BCCD,RMF,,Normal,pre-construction,2023-12-12,"$340,000",0,,N,SALE OF NEW CONSTRUCTION
N,1077,1.02,07,32 MILL CREEK COURT,2,35,30,08,BCCD,RMF,,Normal,pre-construction,2023-12-11,"$344,575",0,,N,SALE OF NEW CONSTRUCTION
N,1077,1.02,07,38 MILL CREEK COURT,2,35,30,08,BCCD,RMF,,Normal,pre-construction,2023-12-27,"$348,025",0,,N,SALE OF NEW CONSTRUCTION
N,1077,1.02,07,42 MILL CREEK COURT,2,35,30,08,BCCD,RMF,,Normal,pre-construction,2023-12-18,"$347,020",0,,N,SALE OF NEW CONSTRUCTION
N,1077,1.02,07,44 MILL CREEK COURT,2,35,31,09,BCCD,RMF,,Normal,pre-construction,2023-12-15,"$369,850",0,,N,SALE OF NEW CONSTRUCTION
Y,1108.07,20,00,58 RONALD AVE SOUTH,1,10,00,00,BVLF,R60,,Lagoon Front,building_lot,2026-01-20,"$419,000",0.14,"$2,992,857",N,HOUSE DEMOD IN 2024 NO SALE UNRILL 2026 LOT HAS BULKHEAD ON IT
Y,1113,41,,LOUIS AVE,1,10,,,BYVL,PPC,,Normal,building_lot,2021-02-11,"$25,000",0.23,"$108,696",N,CONFORMING ON RESIDENTIAL STREET
Y,1153,41,00,EAST BARNEGAT AVE,1,10,,,BYVL,PPC,,Normal,raw_land,2025-09-19,"$46,000",0.14,"$328,571",N,POSSIBLY BUILDABLE LOT WITH ROAD FRONTAGE CHECK REQUIRMENTS
Y,1185,4261,,ELBERON AVE,1,10,,,RVBK,R50,,Lagoon View,building_lot,2022-08-15,"$165,000",0.23,"$717,391",N,CONFORMING ON RESIDENTIAL STREET WT FRONTAGE
Y,1185,4280.01,,8 AVALON AVE,1,16,10,03,RVBK,R50,,River View,building_lot,2023-08-21,"$180,000",0.14,"$1,285,714",N,CONFORMING YEAR BUILT 1952 LISTED AS CLASS 1 SINCE 2021 COMPLETED HOUSE ON LOT
Y,1195,4777,00,BAYVIEW AVE,1,10,,,RBRF,R50,BAYVIEW AVE,Lagoon Front,building_lot,2024-12-18,"$315,000",0.11,"$2,863,636",N,CONFORMING LOT WITH BULKHEAD ON IT
N,1196,4841,07,42 LONGPORT AVE,2,19,10,01,RBRF,R50,,Lagoon Front,pre-construction,2022-10-27,"$1,155,000",0.22,"$6,276,705",N,NEW CONSTRUCTION HOUSE SALE POSSIBLE LAND SALE FROM 2018
Y,1219.01,15,,31 AMHERST DR,1,17,10,02,BVLF,R50,,Lagoon Front,building_lot,2024-09-26,"$440,000",0.11,"$4,000,000",N,BUILDING LOT HOUSE BUILT IN 2024 AFTER SALE OF VACANT LOT
Y,1219.03,11,,30 BOWSPRIT DR,1,10,00,00,BVLF,R60,,Lagoon Front,teardown,2023-07-27,"$439,000",0.14,"$3,135,714",N,PURCHASED AS TEAR DOWN NO CONSTRUCTION STARTED
Y,1223.02,15.02,00,49 CARLYLE DR,1,17,10,02,BVLF,R50,,Lagoon Front,building_lot,2021-12-28,"$153,000",0.14,"$1,092,857",N,CONFORMING LOT HOUSE CURRENTLY BEING BUILT
N,1228,6.04,,497 ROUTE 9,1,10,,,COMM,HB,,Normal,commercial_land,2023-03-20,"$175,000",0.69,"$253,627",N,IN COMM ZONE ON BUSY RD NEXT TO COMM PROPERTIES
N,1247,8.18,07,7 MELINDA CT.,2,17,10,02,BYVL,R100,,Normal,pre-construction,2024-07-25,"$736,315",0.23,"$3,201,370",N,NEW SUB DIVISION SALE OF NEW CONSTRUCTION
N,1247,8.29,07,2 MELINDA CT.,2,17,10,02,BYVL,R100,,Normal,pre-construction,2024-12-05,"$674,990",0.22,"$3,068,136",N,NEW SUB DIVISION SALE OF NEW CONSTRUCTION
Y,1253,25,,NEWARK AVE,1,10,,,BYVL,CR,,Normal,landlocked,2023-11-10,"$6,000",0.23,"$26,087",N,NONCONFORMING? LANDLOCKED ON PAPER ST
Y,1257,29,00,PASSAIC AVE,1,10,,,BYVL,CR,,Normal,landlocked,2023-05-24,"$15,000",0.23,"$65,217",N,NONCONFORMING? LANDLOCKED PAPER ST
N,1278,67.01 (+11 more),00,Multiple Properties,1,10,,,BYVL,R100,,Normal,building_lot,2024-08-21,"$760,000",3.07,"$247,557",Y (12),"NEW SUBDIVISION STONEHILL AT BERKELEY, LOTS BEING CREATED NO CONSTRUCTION STARTED "
Y,1288,3.01,,116 SLOOP CREEK RD,2,50,73,11,BYVL,CR,,Normal,pre-construction,2021-05-28,"$23,000",0.14,"$164,286",N,SOLD AS VACANT CONFORMING LOT MOBILE HOME ON LOT 
Y,1290,41,,BIRCH BARK ST,1,10,,,BYVL,CR,,Normal,landlocked,2025-03-19,"$2,500",0.14,"$17,857",N,LAND LOCKED NONCONFORMING 
N,1301,1,,583 ROUTE 9,1,10,,,COMM,HB,,Normal,commercial_land,2023-11-28,"$300,100",1.76,"$170,510",N,LARGE LOT ON BUSY RD BACK CUL DE SAC 
Y,1332,35,,EUGENE FUREY BLVD,1,10,,,HLPK,CR,,Normal,raw_land,2023-05-12,"$10,000",0.18,"$55,556",N,NONCONFORMING BACKS POTTERS CREEK
Y,1337,12,00,RIVERSIDE DR,1,10,,,HLPK,R100,,Normal,landlocked,2025-10-15,"$20,000",0.14,"$142,867",N,NONCONFORMING PAPER STREET
Y,1337,47,00,HAWK AVE,1,10,,,HLPK,R100,,Normal,raw_land,2025-07-28,"$18,500",0.14,"$132,143",N,NONCONFORMING HAS ROAD FRONTAGE
Y,1343,3,,HAWK AVE,1,10,,,HLPK,R100,,Normal,building_lot,2025-03-13,"$52,500",0.19,"$276,316",N,CONFORMING LOT BETWEEN TWO HOUSES
Y,1350,22,,324 HOLLY BLVD,1,16,10,02,HLPK,R100,,Normal,building_lot,2022-09-13,"$75,000",0.14,"$535,714",N,CONFORMING LOT NEW HOUSE CURRENTLY BEING BUILT ON LOT
N,1366.01,9,07,509 BIRCH ST,2,17,10,02,HLPK,R100,,Normal,pre-construction,2023-10-03,"$584,000",0.29,"$2,176,800",N,CONFORMING HOUSE BUILT ON LOT PREVIOUS SALE IS VACANT LOT
Y,1373,2,,RIVERSIDE DR,1,10,,,HLPK,R100,,Normal,raw_land,2021-11-15,"$10,500",0.14,"$75,000",N,NONCONFORMING CORNER LOT ROAD FRONTAGE RESIDENTIAL STREETS
Y,1373,5,,605 BAY BLVD,1,17,10,02,HLPK,R100,BAY BLVD,Normal,pre-construction,2021-04-30,"$62,900",0.36,"$174,722",N,CONFORMING LOT HOUSE BUILT IN 2024
Y,1374,41,,623 HOLLY BLVD,1,10,00,00,HLPK,R100,,Normal,building_lot,2025-09-15,"$175,000",0.29,"$603,448",N,CONFORMING LOT NO CONSTRUCTION STARTED
Y,1395,15,00,1011 BALSAM DR,1,10,,,HLPK,CR,,Normal,building_lot,2026-05-19,"$125,000",0.3,"$416,667",N,CONFORMING ON POTTERS CREEK SHED ON LOT
Y,1395,9,00,1007 BALSAM DR,1,10,00,00,HLPK,CR,,Normal,building_lot,2024-11-07,"$42,500",0.36,"$118,056",N,CONFORMING ON POTTERS CREEK NO CONSTRUCTION ON LOT
N,14.04,3,,FEDORNAK FREEWAY,1,10,,,COMM,FALI,,Normal,commercial_land,2025-03-11,"$15,000",2.65,"$5,660",N,BUSY RD WT FRONTAGE
N,1407,2,,ROUTE 9,1,10,,,HLPK,HB,ROUTE 9,Normal,commercial_land,2023-10-25,"$180,000",1.59,"$113,208",N,BUSY RD COMM ZONE NEXT TO COMM
N,1409,3.07 (+1 more),,Multiple Properties,1,10,00,00,HLPK,R100,,Normal,building_lot,2021-01-20,"$350,000",0,,Y (2),SUBDIVIED NEW BUILDING LOTS
Y,1418,9,,HAVENS AVE,1,10,,,HLPK,R100,,Normal,landlocked,2021-12-13,"$7,000",0.11,"$63,636",N,NONCONFORMING LOT LANDLOCKED ON PAPER ST
Y,1425,25,00,MARCUS ST,1,10,,,HLPK,R100,,Normal,landlocked,2022-01-04,"$33,000",0.23,"$143,478",N,CONFORMING LOT LANDLOCKED ON PAPER ST
Y,1426,18,00,HAVENS AVE,1,10,,,HLPK,R100,,Normal,building_lot,2025-12-18,"$35,000",0.34,"$102,941",N,CONFORMING LOT ON RESIDENTIAL STREET
N,1427,5.01,07,127 ROGERS ST,1,17,10,02,HLPK,CR,,Normal,pre-construction,2025-11-07,"$685,000",0.23,"$2,978,261",N,SALE OF HOUSE BUILT IN 2025 PREVIOUS SALE OF LAND IN 2024
Y,1427,7,00,SHORT PL,1,10,,,HLPK,CR,,Normal,landlocked,2025-04-30,"$40,100",1.03,"$38,932",N,CONFORMING LOT LANDLOCKED ON PAPER ST
N,1437,11,07,145 BUTLER BLVD,2,17,10,04,HLPK,R100,BUTLER BLVD,Normal,pre-construction,2022-12-22,"$550,000",0.26,"$2,529,073",N,SALE OFNEW HOUSE BUILT IN 2022 PREVIOUS SALE IN 2022 OF VACANT LOT
Y,1462,20,,LEWIS AVE,1,10,,,HLPK,CR,,Normal,landlocked,2022-08-10,"$5,500",0.11,"$50,000",N,NONCONFORMING LOT? LANDLOCKED ON PAPER ST
N,1469,10 (+1 more),,Multiple Properties,1,10,,,HLPK,CR,,Normal,raw_land,2025-09-15,"$2,000",0.28,"$7,143",Y (2),PURCHASED MULTIPLE LOTS NOT ADJOINING SPREAD OUT ACROSS TOWN
N,1471,11 (+1 more),,Multiple Properties,1,10,,,HLPK,CR,,Normal,raw_land,2025-01-22,"$3,000",0.34,"$8,824",Y (2),PURCHASED MULTIPLE LOTS NOT ADJOINING SPREAD OUT ACROSS TOWN
Y,1488,1.01,00,ROUTE 9,1,10,,,HLPK,HB,ROUTE 9,Normal,building_lot,2023-09-22,"$90,000",0.34,"$264,713",N,CONFORMING CORNER LOT BUSY RD AND RESIDENTIAL STREET
Y,1488,13,,SERPENTINE DR,1,10,,,HLPK,CR,,Normal,raw_land,2023-09-22,"$5,000",0.16,"$31,250",N,NONCONFORMING? STREET FRONT 
Y,1488,3.01,00,ROUTE 9,1,10,,,HLPK,HB,ROUTE 9,Normal,building_lot,2023-09-22,"$70,000",0.22,"$318,188",N,CONFORMING LOT ROAD FRONTAGE ON BUSY RD RESIDENTIAL  
N,1489,10 (+1 more),,Multiple Properties,1,10,,,HLPK,CR,,Normal,raw_land,2025-01-13,"$11,000",0.28,"$39,288",Y (2),MULTIPLE PROPERTIES POSSIBLY MAKE BUILDING LOT
Y,1490,19,00,KELLER ST,1,10,,,HLPK,HB,,Normal,raw_land,2023-06-05,"$13,601",0.14,"$97,150",N,NONCONFORMING POSSIBLE COMM LOT
Y,1498,6,,CARYLL AVE,1,10,,,HLPK,CR,,Normal,landlocked,2022-11-23,"$6,000",0.29,"$20,690",N,CONFORMING LOT?LANDLOCKED PAPER ST
Y,1504,9,,SERPENTINE DR,1,10,,,HLPK,CR,,Normal,building_lot,2022-12-21,"$59,800",0.66,"$90,606",N,CONFORMING LOT ROAD FRONTAGE
N,1541,57,,997 BAYVIEW AVE,2,17,10,02,HPLF,R64,,Lagoon Front,pre-construction,2021-01-28,"$349,900",0.38,"$920,789",N,SALE OF HOUSE AND LAND AFTER HOUSE WAS BUILT
Y,1541,83,,230 NO BAY DR,1,10,,,HPLF,R64,,Lagoon Front,building_lot,2025-09-25,"$250,000",0.07,"$3,571,429",N,CONFORMING LOT BULKHEAD ON LOT
Y,1541,92,,210 NO BAY DR,1,10,,,HPLF,R64,,Lagoon Front,building_lot,2023-08-29,"$175,000",0.09,"$1,944,444",N,CONFORMING LOT BULKHEAD ON LOT 
Y,1547,81,07,206 BUTLER BLVD,2,17,10,02,HPLF,R64,,Lagoon Front,pre-construction,2021-04-14,"$360,000",0.07,"$5,142,857",N,SALE OF LAND HOUSE BUILT ON LOT AFTER SALE
Y,1547,82,,208 BUTLER BLVD,2,18,10,02,HPLF,R64,,Lagoon Front,pre-construction,2021-07-15,"$175,000",0.09,"$1,944,444",N,SALE OF LAND NEW HOUSE BUILT ON LOT
Y,1550,24,,247 PINE DR,1,16,10,01,HPLF,R64,,Lagoon Front,pre-construction,2025-05-30,"$500,000",0.18,"$2,777,778",N,SALE OF LAND BEFORE HOUSE WAS BUILT
Y,1552,20,,237 EVERGREEN DR,2,17,10,04,HPLF,R64,,Lagoon Front,pre-construction,2021-10-05,"$199,000",0.11,"$1,809,091",N,SALE OF LAND BEFORE HOUSE WAS BUILT
N,1552,22,07,241 EVERGREEN DR,1,17,10,02,HPLF,R64,,Lagoon Front,pre-construction,2022-02-14,"$450,000",0.07,"$6,428,571",N,PROPERTY SOLD WITH HOUSE BUILT
N,1553,8,07,216 EVERGREEN DR,2,18,10,01,HPLF,R64,,Lagoon Front,pre-construction,2022-04-11,"$758,060",0.07,"$12,947,257",N,PROPERTY SOLD WITH HOUSE BUILT
Y,1554,9,00,217 FERNWOOD DR,1,10,,,HPLF,R64,,Lagoon Front,building_lot,2022-05-17,"$206,125",0.07,"$2,944,643",N,CONFORMING LOT? OWNER OF HOUSE NEXT TO LOT PURCHASED
Y,1559,10,,220 DOGWOOD DR,1,10,,,HPLF,R64,,Lagoon Front,raw_land,2024-05-23,"$240,000",0.07,"$3,428,571",N,PURCHASED BY OWNER OF NEIGHBORING HOUSE HAS BULKHEAD
Y,1560,6,00,209 TEAKWOOD DR,1,10,,,HPLF,R64,,Lagoon Front,raw_land,2026-04-14,"$315,000",0.11,"$2,863,636",N,NONCONFORMING  LAND WITH BULKHEAD
N,1564,15,07,231 CYPRESS DR,2,17,10,02,HPLF,R64,,Lagoon Front,pre-construction,2021-08-02,"$925,000",0.15,"$8,813,747",N,SALE OF BUILT HOUSE VACANT LAND PREVIOUS SALE
Y,1615,5,,45 CEDAR RUN RD,1,10,,,HPLF,R64,,Lagoon Front,building_lot,2025-07-08,"$500,000",0.23,"$2,173,913",N,CONFORMING LOT HOUSE CURRENTLY BEING BUILT
Y,1616.01,21.03,,CEDAR RUN RD,1,10,00,00,HPLF,R64,,Lagoon Front,building_lot,2021-01-28,"$225,000",0.15,"$1,500,000",N,CONFORMING LOT BULKHEAD ON LOT 
Y,1616.01,9,00,CEDAR RUN RD,1,10,,,HPLF,R64,,Lagoon Front,building_lot,2021-07-16,"$175,000",0.12,"$1,458,333",N,CONFORMING LOT BULKHEAD ON LOT
Y,1617.01,2,00,CEDAR RUN RD,1,10,,,HPLF,R64,,Lagoon Front,building_lot,2025-07-15,"$265,000",0.25,"$1,060,000",N,CONFORMING LOT BULKHEAD ON LOT
Y,1623,2,,109 PELICAN PT,2,17,10,04,HPLF,R64,,Lagoon Front,pre-construction,2021-04-20,"$230,000",0.17,"$1,352,941",N,CONFORMING LOT HOUSE BUILT ON LOT AFTER LAND SALE
Y,1623,3,,111 PELICAN PT,1,10,,,,,,Lagoon Front,building_lot,2025-12-12,"$220,000",0.17,"$1,294,118",N,CONFORMING LOT NO CONSTRUCTION ON PROPERTY
Y,1637,14.01,07,175 BRENNAN CONCOURSE,1,17,10,02,HLPK,R100,BRENNAN CONCOURSE,Normal,pre-construction,2026-07-02,"$640,000",0.11,"$5,818,182",N,SALE OF NEW CONSTRUCTION PREVIOUS SALE OF VACANT LAND
Y,1666,20.01,,207 HARBOR INN RD,2,17,10,02,HLPK,R100,,Normal,pre-construction,2021-10-07,"$125,000",0.55,"$227,273",N,CONFORMING LOT SALE OF VACANT LAND HOUSE BUILT AFTER SALE
N,1675,1.01,,189 PRINCE EDWARD AVE.,1,10,,,PLIS,BFC,,Normal,commercial_land,2025-04-11,"$1,000,000",0,,N,CONFORMING LOT PROPERTY WAS 4A THEN CLASS 1 NOW HOUSE BEING BUILT ON LOT
Y,1684,27,,617 SUNSET DR SOUTH,2,18,10,02,PLIS,CR,,Bay Front,pre-construction,2021-10-18,"$499,900",0.21,"$2,380,476",N,CONFORMING LOT VACANT LOT SALE HOUSE BUILT AFTER SALE
Y,1684,39,00,607 SUNSET DR SOUTH,1,10,,,PLIS,CR,,Bay Front,raw_land,2025-04-10,"$445,000",0.11,"$4,045,455",N,NONCONFORMING LOT WITH BULKHEAD PURCHASED BY NEIGHBOR LOT 37
Y,1685,13.02,,509 SUNSET DR SOUTH,1,10,00,00,PLIS,CR,,Bay Front,building_lot,2022-09-29,"$1,499,000",0.16,"$9,368,750",N,NEW LINE ITEM POSSIBLE SUBDIVISION
N,1694,1,,18 OCEAN AVE,1,10,00,00,ANNX,ANNX,,Normal,building-lot,2021-02-11,"$685,000",0,,N,NOT VALUED 
N,1705,202.06,,27 TWENTIETH AVE,1,10,00,00,ANNX,ANNX,,Normal,building-lot,2024-10-25,"$649,000",0.07,"$9,271,429",N,NOT VALUED 
N,1705,202.07,,29 TWENTIETH AVE,1,10,10,02,ANNX,ANNX,,Normal,building-lot,2024-01-29,"$649,000",0.07,"$9,271,429",N,NOT VALUED 
N,1705,202.08,,31 TWENTIETH AVE,1,10,00,00,ANNX,ANNX,,Normal,building-lot,2025-02-04,"$650,000",0.07,"$9,285,714",N,NOT VALUED 
N,1716,2459,,TWENTY-FOURTH AVE,1,10,,,ANNX,ANNX,,Normal,building-lot,2026-01-27,"$980,000",0.11,"$8,909,091",N,NOT VALUED 
N,1719,2476,,253 TWENTY-FOURTH AVE,1,10,10,03,ANNX,ANNX,,Normal,building-lot,2023-01-04,"$860,000",0.11,"$7,818,182",N,NOT VALUED 
Y,23,6,00,DOVER RD,1,10,,,AFPR,AP,,Normal,building_lot,2024-03-12,"$485,000",92.4,"$5,249",N,CONFORMING LARGE LOT IN AGRICULTURAL ZONE
Y,232,6,,MIDDLEWAY PL,1,10,,,PNWD,R150,,Normal,landlocked,2021-05-12,"$20,000",0.48,"$41,667",N,CONFORMING LOT LANDLOCKED PAPER ST
Y,241,4,00,260 GRAND CENTRAL PKWY,1,10,,,PNWD,R150,GRAND CENTRAL PKWY,Normal,building_lot,2025-08-04,"$175,000",0.76,"$230,263",N,CONFORMING SMALL PORTION OF LOT WT FRONTAGE REST IS REAR LOT
N,266,15.01,07,1 SPRING GARDEN ST,2,17,10,02,PNWD,R150,,Normal,pre-construction,2022-09-19,"$569,000",0.34,"$2,000,809",N,SOLD AS NEW CONSTRUCTION
Y,268,12,00,FRANKFORT ST,1,10,,,PNWD,R150,,Normal,landlocked,2021-06-28,"$6,000",0.54,"$11,111",N,CONFORMING LOT LAND LOCKED PAPER ST
Y,276,11,00,COLUMBUS CIRCLE SE,1,10,,,PNWD,R150,,Normal,building_lot,2025-04-02,"$90,000",0.49,"$183,673",N,CONFORMING LOT WITH ROADFRONTAGE
N,280,5,07,496 WOODHAVEN BLVD SE,2,17,10,02,PNWD,R150,,Normal,pre-construction,2022-12-09,"$659,900",0.45,"$1,753,227",N,SALE OF NEW CONSTRUCTION 
Y,281,11,00,PRISCILLA PL,1,10,,,PNWD,R150,,Normal,landlocked,2021-11-15,"$12,000",0.14,"$85,714",N,NONCONFORMING LANDLOCKED ON PAPER ST
Y,29,988,,FIRST AVE,1,10,,,MNPK,MPR ,,Normal,building_lot,2022-10-26,"$175,000",0.83,"$210,843",N,CONFORMING STREET FRONTAGE ON RESIDENTIAL STREET
Y,30,26,,56 FIRST AVE,1,10,,,MNPK,MPR ,,Normal,raw_land,2025-09-04,"$75,000",0.09,"$833,333",N,NONCONFORMING STREET FRONTAGE
N,30,5,07,4 FIRST AVE,2,17,10,02,MNPK,MPR ,,Normal,pre-construction,2022-06-28,"$466,000",0.14,"$3,979,514",N,SALE OF NEW CONSTRUCTION
Y,301,17,07,DELANCEY PL,1,10,,,PNWD,R150, ,Normal,landlocked,2021-03-17,"$20,000",0.63,"$31,746",N,CONFORMING LOT LANDLOCKED ON PAPER ST 
Y,313,7,,KINGS HWY,1,10,,,PNWD,R400  ,,Normal,building_lot,2025-02-26,"$219,900",0.96,"$229,063",N,CONFORMING LOT WITH FRONTAGE
N,330,1,07,503 WOODHAVEN BLVD SE,1,17,10,02,PNWD,R150,,Normal,pre-construction,2026-01-07,"$710,000",0.3,"$2,366,667",N,SALE OF NEW CONSTRUCTION 
Y,330,11,00,EAST END AVE,1,10,,,PNWD,R150,,Normal,landlocked,2026-06-11,"$10,000",0.43,"$23,256",N,CONFORMING LANDLOCKED ON PAPER ST
N,330,2.01,07,501 WOODHAVEN BLVD. SE,2,17,10,02,PNWD,R150,,Normal,pre-construction,2022-06-24,"$650,000",0.47,"$1,653,438",N,SALE OF NEW CONSTRUCTION
N,330,2.02,07,499 WOODHAVEN BLVD SE,2,17,10,02,PNWD,R150,,Normal,pre-construction,2022-08-03,"$705,000",0.56,"$1,505,129",N,SALE OF NEW CONSTRUCTION
Y,332,6,,HANCOCK AVE,1,10,,,PNWD,R150,,Normal,landlocked,2023-03-27,"$20,000",0.34,"$58,824",N,CONFORMING LANDLOCKED PAPER ST
Y,337,1,00,HANCOCK AVE,1,10,,,PNWD,R150,,Normal,landlocked,2023-03-14,"$70,000",0.51,"$137,255",N,CONFORMING LOT LANDLOCKED PAPER ST
N,340,18,07,353 GRAND CENTRAL PKWY,2,17,10,02,PNWD,R150,GRAND CENTRAL PKWY,Normal,pre-construction,2024-12-05,"$750,000",0.57,"$1,315,789",N,SALE OF NEW CONSTRUCTION
N,340,4 (+1 more),07,Multiple Properties,1,10,,,PNWD,R150,,Normal,raw_land,2023-11-08,"$240,000",0.72,"$333,335",Y (2),SALE OF NON ADJOINING PROPERTIES
Y,343,5,07,ASTOR PL,1,10,,,PNWD,R150,,Normal,building_lot,2021-03-29,"$20,000",0.43,"$46,512",N,CONFORMING LOT SMALL PORTION OF LOTHAS FRONTAGE
N,344,13,07,533 ASTOR PL,2,17,10,02,PNWD,R150,,Normal,pre-construction,2024-09-19,"$730,000",0.39,"$1,871,795",N,SALE OF NEW CONSTRUCTION
Y,351,1,,WEST END AVE,1,10,,,PNWD,R150,,Normal,landlocked,2022-12-23,"$45,000",0.36,"$125,000",N,CONFORMING LOT LANDLOCKED 
N,351,3 (+1 more),,Multiple Properties,1,10,,,PNWD,R150,,Normal,landlocked,2022-12-28,"$75,000",0.79,"$94,935",Y (2),CONFORMING LANDLOCKED PAPER ST
Y,359,12,,LIVINGSTON AVE,1,10,,,PNWD,R400  ,,Normal,landlocked,2023-06-06,"$30,000",0.47,"$63,830",N,NONCONFORMING LANDLOCKED PAPER ST
Y,359,17,00,WASHINGTON AVE,1,10,,,PNWD,R400  ,,Normal,landlocked,2022-01-04,"$12,000",0.29,"$41,379",N,NONCONFORMING LANDLOCKED PAPER ST
Y,359,3,,LYONS AVE,1,10,,,PNWD,R400  ,,Normal,landlocked,2023-06-06,"$30,000",1.22,"$24,590",N,CONFORMING LANDLOCKED PAPER ST
Y,360,11,,LYONS AVE,1,10,,,PNWD,R400  ,,Normal,landlocked,2023-06-06,"$30,000",0.34,"$88,235",N,NONCONFORMING LANDLOCKED PAPER ST
Y,361,15,00,SEABROOK AVE,1,10,,,PNWD,R400  ,,Normal,landlocked,2022-01-04,"$12,000",0.17,"$70,588",N,NONCONFORMING LANDLOCKED PAPER ST
Y,361,17,,SEABROOK AVE,1,10,,,PNWD,R400  ,,Normal,landlocked,2023-06-06,"$30,000",0.38,"$78,947",N,CONFORMING  LANDLOCKED PAPER ST
N,370,6,07,221 BUNNELL AVE NORTH,2,17,10,02,PNWD,R150,,Normal,pre-construction,2021-12-02,"$441,813",0.34,"$1,857,247",N,SALE OF NEW CONSTRUCTION
N,370,8,07,217 BUNNELL AVE NORTH,2,17,10,02,PNWD,R150,,Normal,pre-construction,2022-03-11,"$449,000",0.43,"$1,248,391",N,SALE OF NEW CONSTRUCTION
Y,377,4,,TILTON BLVD,1,10,,,PNWD,R150,,Normal,landlocked,2026-01-05,"$47,050",0.34,"$138,382",N,CONFORMING LANDLOCKED PAPER ST
Y,382,12,00,TAYLOR ST,1,10,,,PNWD,R150,,Normal,landlocked,2024-11-15,"$79,900",0.34,"$235,000",N,CONFORMING LANDLOCKED PAPER ST
Y,384,14,,WESTERN BLVD,1,10,,,PNWD,CR,,Normal,landlocked,2026-01-20,"$4,000",0.11,"$36,364",N,NONCONFORMING LANDLOCKED PAPER ST
Y,392,1,00,MANHATTAN AVE,1,10,,,PNWD,R150,,Normal,landlocked,2026-06-05,"$135,000",0.34,"$397,059",N,CONFORMING LANDLOCKED PAPER ST
Y,393,12,00,TAYLOR ST,1,10,,,PNWD,R150,,Normal,landlocked,2024-11-15,"$79,900",0.34,"$235,000",N,CONFORMING LANDLOCKED PAPER ST
Y,393,13,00,LAKESIDE BLVD,1,10,,,PNWD,R150,,Normal,landlocked,2023-10-09,"$50,000",0.69,"$72,464",N,CONFORMING LANDLOCKED PAPER ST
N,407,5.02,07,314 SEABROOK AVE,2,17,10,02,PNWD,R150,,Normal,pre-construction,2024-05-22,"$720,000",0.34,"$2,117,647",N,SALE OF NEW CONSTRUCTION
Y,408,12,00,SEABROOK AVE,1,10,,,PNWD,R150,,Normal,landlocked,2024-05-29,"$80,000",0.34,"$235,294",N,CONFORMING LANDLOCKED PAPER ST
Y,408,16,00,SEABROOK AVE,1,10,,,PNWD,R150,,Normal,landlocked,2024-05-29,"$80,000",0.34,"$235,294",N,CONFORMING LANDLOCKED PAPER ST
Y,419,14,,AMSTERDAM AVE,1,10,,,PNWD,R150,,Normal,landlocked,2025-07-10,"$55,000",0.34,"$161,765",N,CONFORMING LANDLOCKED PAPER ST
Y,419,7,00,SEABROOK AVE,1,10,,,PNWD,R150,,Normal,landlocked,2024-01-30,"$45,000",0.72,"$62,500",N,CONFORMING LANDLOCKED PAPER ST
Y,420,19,00,LIVINGSTON AVE,1,10,,,PNWD,R150,,Normal,raw_land,2026-01-20,"$45,000",0.23,"$195,652",N,NONCONFORMING VERY SMALL RD FRONTAGE
Y,424,14,00,SMITH ST,1,10,,,PNWD,R150,,Normal,landlocked,2024-06-06,"$80,000",0.52,"$153,846",N,CONFORMING LANDLOCKED PAPER ST
Y,424,3,,FALKENBERG DR,1,10,,,PNWD,R150,,Normal,building_lot,2022-12-14,"$50,000",0.42,"$119,048",N,CONFORMING SMALL RD FRONTAGE
Y,424,4,,LIVINGSTON AVE,1,10,,,PNWD,R150,,Normal,landlocked,2022-12-14,"$50,000",0.74,"$67,568",N,CONFORMING LANDLOCKED PAPER ST
Y,425,1,00,SEABROOK AVE,1,10,,,PNWD,R150,,Normal,building_lot,2024-05-29,"$80,000",0.81,"$98,765",N,CONFORMING SMALL RD FRONTAGE
Y,425,13,00,SEABROOK AVE,1,10,,,PNWD,R150,,Normal,building_lot,2024-05-29,"$80,000",0.34,"$235,294",N,CONFORMING RD FRONTAGE
Y,425,5,00,SEABROOK AVE,1,10,,,PNWD,R150,,Normal,landlocked,2024-05-29,"$80,000",0.48,"$166,667",N,CONFORMING LANDLOCKED PAPER ST
Y,425,9,00,SEABROOK AVE,1,10,,,PNWD,R150,,Normal,landlocked,2024-05-29,"$80,000",0.34,"$235,294",N,CONFORMING LANDLOCKED PAPER ST
Y,441,5,00,SHARP ST,1,10,,,PNWD,R150,,Normal,landlocked,2024-12-18,"$20,000",0.17,"$117,647",N,NONCONFORMING LANDLOCKED PAPER ST
N,46,111,07,230 SECOND AVE,2,17,10,02,MNPK,MPR ,,Normal,pre-construction,2021-09-30,"$415,000",0.14,"$4,236,721",N,SALE OF NEW CONSTRUCTION
N,479,8,07,299 COOLIDGE AVE,2,17,10,02,PNWD,R125,,Normal,pre-construction,2023-12-18,"$729,000",0.34,"$2,317,674",N,SALE OF NEW CONSTRUCTION
N,487,7,07,298 COOLIDGE AVE,2,17,10,02,PNWD,R125,,Normal,pre-construction,2023-10-31,"$660,000",0.34,"$2,098,306",N,SALE OF NEW CONSTRUCTION
N,491,19,07,301 MARYLAND AVE,2,17,10,02,PNWD,R125,MARYLAND AVE,Normal,pre-construction,2021-10-04,"$395,000",0.11,"$5,132,327",N,SALE OF NEW CONSTRUCTION
Y,496,14,00,NIXON AVE,1,10,,,PNWD,R125,,Normal,landlocked,2024-08-15,"$10,000",0.64,"$15,625",N,CONFORMING LANDLOCKED PAPER ST
Y,499,15,,329 NIXON AVE,1,10,,,PNWD,R125,,Normal,building-lot,2024-09-27,"$95,000",1.03,"$92,233",N,CONFORMING LANDLOCKED PAPER ST
Y,500,11,,311 LEXINGTON  AVE,2,17,10,03,PNWD,R125,,Normal,pre-construction,2024-02-29,"$29,000",0.55,"$52,727",N,SALE OF LAND BEFORE HOUSE WAS BUILT
Y,500,17,00,NIXON AVE,1,10,,,PNWD,R125,,Normal,building_lot,2025-10-06,"$25,000",0.38,"$65,789",N,CONFORMING ROAD FRONTAGE RESIDENTIAL ST
Y,511,17,00,NIXON AVE,1,10,,,PNWD,R125,,Normal,landlocked,2025-10-31,"$70,000",0.4,"$175,000",N,CONFORMING LANDLOCKED PAPER ST
Y,513,19,00,MADISON AVE,1,10,,,PNWD,R125,,Normal,building_lot,2024-02-06,"$25,000",0.28,"$89,286",N,CONFORMING RD FRONTAGE
Y,516,1,,319 MC KINLEY AVE,2,17,10,03,PNWD,R125,,Normal,pre-construction,2021-04-27,"$60,000",0.52,"$115,385",N,SALE OF LOT BEFORE HOUSE WAS BUILT
Y,517,15,,321 MC KINLEY AVE,1,13,10,02,PNWD,R125,,Normal,building_lot,2025-01-17,"$40,000",0.34,"$117,647",N,UNDER CONSTRUCTION FOUNDATION 
Y,518,15,00,339 MC KINLEY AVE,1,10,,,PNWD,R125,,Normal,landlocked,2024-10-08,"$175,000",0.23,"$760,870",N,NONCONFORMING LANDLOCKED REAR LOT PAPER ST 
N,523,3,07,300 MC KINLEY AVE,2,17,10,02,PNWD,R125,,Normal,pre-construction,2021-08-26,"$515,000",0.34,"$2,164,903",N,SALE OF NEW CONSTRUCTION
Y,524,3,,316 MC KINLEY AVE,1,10,,,PNWD,R125,,Normal,building_lot,2021-04-22,"$50,000",0.43,"$116,279",N,CONFORMING LOT HOUSE BEING BUILT
Y,525,16,,MC KINLEY AVE,1,10,,,PNWD,R125,,Normal,building_lot,2021-04-22,"$50,000",0.43,"$116,279",N,CONFORMING LOT STREET FRONT RESIDENTIAL STREET
N,527,1,,367 HOOVER AVE,2,17,10,02,PNWD,R125,,Normal,pre-construction,2021-06-22,"$570,000",0.69,"$1,180,690",N,SALE OF NEW CONSTRUCTION
Y,529,14,,384 MCKINLEY AVE,1,18,10,02,PNWD,R125,,Normal,building_lot,2023-08-15,"$175,000",0.6,"$291,667",N,CONFORMING HOUSE BEING BUILT ON LOT
N,529,9,07,393 HOOVER AVE,2,17,10,02,PNWD,R125,,Normal,pre-construction,2023-09-21,"$585,000",0.17,"$3,719,724",N,SALE OF NEW CONSTRUCTION
Y,545,8,07,421 ROLAND AVE,1,18,10,02,PNWD,R125,,Normal,pre-construction,2026-02-17,"$780,000",0.34,"$2,294,118",N,SALE OF NEW CONSTRUCTION
Y,546,14,00,ROLAND AVE,1,10,,,PNWD,R125,,Normal,landlocked,2024-01-17,"$35,000",0.34,"$102,941",N,CONFORMING LANDLOCKED PAPER ST
Y,552,7,00,MICHAEL AVE,1,10,,,PNWD,R150,,Normal,landlocked,2024-02-29,"$39,900",0.29,"$137,586",N,NONCONFORMING LANDLOCKED PAPER ST
Y,557,9,,471 HARDING AVE,1,10,,,PNWD,R150,,Normal,landlocked,2024-04-23,"$125,000",0.34,"$367,647",N,CONFORMING LANDLOCKED PAPER ST
Y,558,38,00,MICHAEL AVE,1,10,,,PNWD,R150,,Normal,landlocked,2024-03-12,"$40,000",0.4,"$100,000",N,CONFORMING LANDLOCKED PAPER ST
Y,562,45,00,HARDING AVE,1,10,,,PNWD,R150,,Normal,building_lot,2023-12-19,"$129,900",0.34,"$382,059",N,CONFORMING SMALL PORTION OF STREET FRONTAGE REST LANDLOCKED PAPER ST
Y,563,12,07,498 HARDING AVE,1,17,10,02,PNWD,R150,,Normal,pre-construction,2026-05-06,"$815,000",0.46,"$1,771,739",N,SALE OF NEW CONSTRUCTION
Y,564,14,,NIXON AVE,1,10,,,PNWD,R150,,Normal,building_lot,2024-04-19,"$23,000",0.41,"$56,098",N,CONFORMING LOT STREET FRONT RESIDENTIAL STREET
N,564,7,07,319 NOLAN AVE,2,17,10,02,PNWD,R150,,Normal,pre-construction,2022-09-26,"$580,000",0.28,"$2,476,521",N,SALE OF NEW CONSTRUCTION 
N,569,13.01,07,497 BALDWIN AVE,2,17,10,02,PNWD,R150,,Normal,pre-construction,2022-05-05,"$420,000",0.11,"$4,564,873",N,SALE OF NEW CONSTRUCTION
N,57,485,07,120 THIRD AVE,2,17,10,02,MNPK,MPR ,,Normal,pre-construction,2022-09-16,"$485,000",0.14,"$4,141,771",N,SALE OF NEW CONSTRUCTION
N,57,488,07,122 THIRD AVE,2,17,10,02,MNPK,MPR ,,Normal,pre-construction,2022-09-16,"$479,000",0.14,"$4,090,536",N,SALE OF NEW CONSTRUCTION
N,575,31,07,432 NIXON AVE,2,17,10,02,PNWD,R125,,Normal,pre-construction,2022-02-14,"$630,000",0.29,"$2,597,255",N,SALE OF NEW CONSTRUCTION
Y,575,5,00,MELANIE AVE,1,10,,,PNWD,R125,,Normal,landlocked,2022-09-07,"$25,000",0.46,"$54,348",N,CONFORMING LANDLOCKED PAPER ST
N,579,10,07,423 BAKER AVE,2,17,10,02,PNWD,R125,,Normal,pre-construction,2024-12-02,"$699,000",0.29,"$2,410,345",N,SALE OF NEW CONSTRUCTION
Y,579,34,00,MELANIE AVE,1,10,,,PNWD,R125,,Normal,landlocked,2026-03-26,"$90,000",0.4,"$225,000",N,CONFORMING LANDLOCKED PAPER ST
Y,579,41,00,MELANIE AVE,1,10,,,PNWD,R125,,Normal,landlocked,2022-09-07,"$25,000",0.34,"$73,529",N,CONFORMING LANDLOCKED PAPER ST
Y,580,7,00,MELANIE AVE,1,10,,,PNWD,R150,,Normal,building_lot,2025-02-28,"$159,000",1.03,"$154,369",N,DIRT RD FRONTAGE CONFORMING LOT
Y,585,47,00,VETERANS BLVD,1,10,,,PNWD,R150,VETERANS BLVD,Normal,raw_land,2024-05-20,"$22,000",0.11,"$200,000",N,NONCONFORMING RD FRONTAGE 
Y,591,10,00,MONROE AVE,1,10,,,PNWD,CR,,Normal,landlocked,2025-02-18,"$6,000",0.34,"$17,647",N,NONCONFORMING? LANDLOCKED PAPER ST
Y,594,5,,HOOVER AVE,1,10,,,PNWD,R125,,Normal,building_lot,2024-06-26,"$10,000",0.34,"$29,412",N,SMALL RD FRONTAGE THE REST PAPER ST
Y,595,24,,VETERANS BLVD,1,10,,,PNWD,R125,VETERANS BLVD,Normal,raw_land,2025-03-13,"$35,000",0.11,"$318,182",N,NONCONFORMING WT RD FRONTAGE
N,599,21.02,07,513 VERNON PL,2,17,10,02,PNWD,CR,,Normal,pre-construction,2022-06-24,"$685,000",1.03,"$795,107",N,SALE OF NEW CONSTRUCTION
Y,605,39,00,CLEVELAND AVE,1,10,,,PNWD,R125,,Normal,landlocked,2021-06-17,"$25,000",0.69,"$36,232",N,CONFORMING LANDLOCKED PAPER ST
Y,661,1.01,,1 RAILROAD AVE,1,10,,,PNWD,R125,,Normal,building_lot,2022-12-08,"$60,000",0.34,"$176,471",N,CONFORMING RESIDENTIAL STREET FOUNDATION ON LOT
Y,661,13.01,,2 RAILROAD AVE,1,10,10,02,PNWD,R125,,Normal,building_lot,2022-12-08,"$60,000",0.33,"$181,818",N,CONFORMING HOUSE BEING BUILT
N,675,14.01,07,331 ARLINGTON AVE,2,17,10,02,PNWD,R125,,Normal,pre-construction,2022-01-18,"$635,000",0.34,"$2,232,888",N,SALE OF NEW CONSTRUCTION
Y,685,6,,224 NOLAN AVE,2,17,10,02,PNWD,R150,,Normal,pre-construction,2021-08-16,"$100,000",0.34,"$294,118",N,SALE OF LAND BEFORE HOUSE IS BUILT
N,688,26.01,07,293 TRENTON AVE NORTH,1,16,10,02,PNWD,R125,,Normal,pre-construction,2026-04-10,"$715,000",0.17,"$4,205,882",N,SALE  OF NEW CONSTRUCTION
Y,689,13,00,ARLINGTON AVE,1,10,,,PNWD,R125,,Normal,landlocked,2025-06-24,"$40,000",0.34,"$117,647",N,CONFORMING LANDLOCKED PAPER ST
N,690,13,07,330 ARLINGTON AVE,2,17,10,02,PNWD,R125,,Normal,pre-construction,2022-03-02,"$634,000",0.34,"$2,229,374",N,SALE OF NEW CONSTRUCTION
Y,690,21.01,,324 ARLINGTON AVE,1,10,10,02,PNWD,R125,,Normal,building_lot,2024-06-17,"$175,000",0.34,"$514,706",N,HOUSE UNDER CONSTRUCTION AFTER LAND SALE
N,700,1.01,07,522 ARLINGTON AVE S,2,17,10,02,PNWD,R150,,Normal,pre-construction,2022-09-19,"$630,000",0.34,"$2,215,306",N,SALE OF NEW CONSTRUCTION
Y,702,22,00,CLIFTON AVE,1,10,,,PNWD,R125,,Normal,landlocked,2025-03-28,"$75,000",0.34,"$220,588",N,CONFORMING LANDLOCKED PAPERS T
Y,714,35,,NOLAN AVE,1,10,,,PNWD,R150,,Normal,building_lot,2024-04-19,"$80,000",0.34,"$235,294",N,SMALL RD FRONTAGE REST ON PAPER ST
Y,716,13,00,CLIFTON AVE,1,10,,,PNWD,R125,,Normal,landlocked,2024-12-18,"$65,000",0.69,"$94,203",N,CONFORMING LANDLOCKED PAPER ST
Y,719,35,,337 EASTERN BLVD,1,10,,,PNWD,R125,,Normal,building_lot,2024-07-26,"$165,000",0.34,"$485,294",N,RD FRONTAGE CONFORMING LOT 
N,720,9.01,07,367 EASTERN BLVD,2,17,10,02,PNWD,R125,,Normal,pre-construction,2025-08-12,"$740,000",0.23,"$3,217,391",N,SALE OF NEW CONSTRUCTION
Y,749,7,,COYNE AVE,1,10,,,PNWD,R150,,Normal,landlocked,2024-08-28,"$10,000",0.11,"$90,909",N,NONCONFORMING LANDLOCKED PAPER ST
Y,75,616.02,,20 FOURTH AVE,1,17,10,02,MNPK,MPR ,,Normal,building_lot,2025-04-22,"$180,000",0.23,"$782,609",N,SALE OF LAND BEFORE HOUSE BUILT
N,76,430.02,07,20 THIRD AVE,2,17,10,02,MNPK,MPR ,,Normal,pre-construction,2023-03-31,"$480,000",0.14,"$3,706,100",N,SALE OF NEW CONSTRUCTION
N,778,1.01,07,201 SOUTHERN BLVD,2,17,10,02,PNWD,R400  ,,Normal,pre-construction,2023-10-13,"$725,000",0.34,"$2,304,956",N,SALE OF NEW CONSTRUCTION
N,794,11.01,07,610 EVERNHAM AVE,2,17,10,02,PNWD,R150,,Normal,pre-construction,2022-09-19,"$549,000",0.2,"$3,281,820",N,SALE OF NEW CONSTRUCTION
Y,798,9,00,BERKELEY AVE,1,10,,,PNWD,R400  ,,Normal,landlocked,2024-12-27,"$70,000",0.46,"$152,174",N,CONFORMING LANDLOCKED PAPER ST
Y,805,13,00,PRESBREY AVE,1,10,,,PNWD,R400  ,,Normal,landlocked,2024-12-27,"$65,000",0.46,"$141,304",N,CONFORMING LANDLOCKED PAPER ST
N,825.02,8,,12 GLADNEY AVE,1,10,,,COMM,TC1,,Normal,commercial_land,2022-05-31,"$170,000",1.37,"$124,088",N,COMMERCIAL LOT
Y,830,4,00,23 GLADNEY AVE,1,10,,,BYVL,TC1,,Normal,building_lot,2023-09-22,"$111,280",0.01,"$11,117,791",N,STREET FRONTAGE RESIDENTIAL STREET
N,837.02,4,,276 ROUTE 9,1,10,,,COMM,TC1,,Normal,commercial_land,2023-06-20,"$475,000",2.29,"$207,424",N,COMM SALE
N,837.03,7.05,07,26 DAHLIA CT.,1,17,10,02,BYVL,R90,,Normal,pre-construction,2025-11-20,"$670,990",0.21,"$3,195,190",N,SALE OF NEW CONSTRUCTION 
N,837.03,7.06,07,24 DAHLIA CT.,1,17,10,02,BYVL,R90,,Normal,pre-construction,2025-11-19,"$665,000",0.21,"$3,166,667",N,SALE OF NEW CONSTRUCTION 
N,837.03,7.07,07,22 DAHLIA CT.,2,17,10,02,BYVL,R90,,Normal,pre-construction,2025-09-29,"$670,000",0.21,"$3,190,476",N,SALE OF NEW CONSTRUCTION 
N,837.03,7.08,07,20 DAHLIA CT.,1,17,10,02,BYVL,R90,,Normal,pre-construction,2025-10-06,"$685,000",0.22,"$3,113,636",N,SALE OF NEW CONSTRUCTION 
N,837.03,7.09,07,18 DAHLIA CT.,1,17,10,02,BYVL,R90,,Normal,pre-construction,2025-12-18,"$672,990",0.22,"$3,059,045",N,SALE OF NEW CONSTRUCTION 
N,837.03,7.10,07,16 DAHLIA CT.,1,17,10,02,BYVL,R90,,Normal,pre-construction,2026-01-09,"$669,690",0.22,"$3,044,045",N,SALE OF NEW CONSTRUCTION 
N,837.03,7.11,07,14 DAHLIA CT.,1,17,10,02,BYVL,R90,,Normal,pre-construction,2026-01-21,"$672,990",0.21,"$3,204,714",N,SALE OF NEW CONSTRUCTION 
N,837.03,7.12,07,12 DAHLIA CT.,1,17,10,02,BYVL,R90,,Normal,pre-construction,2026-01-27,"$689,690",0.21,"$3,284,238",N,SALE OF NEW CONSTRUCTION 
N,837.03,7.13,07,10 DAHLIA CT.,1,17,10,02,BYVL,R90,,Normal,pre-construction,2026-03-06,"$654,690",0.21,"$3,117,571",N,SALE OF NEW CONSTRUCTION 
N,837.03,7.14,07,8 DAHLIA CT.,1,17,10,02,BYVL,R90,,Normal,pre-construction,2026-03-31,"$652,640",0.21,"$3,107,810",N,SALE OF NEW CONSTRUCTION 
N,837.03,7.15,07,6 DAHLIA CT.,1,17,10,02,BYVL,R90,,Normal,pre-construction,2026-03-10,"$664,690",0.21,"$3,165,190",N,SALE OF NEW CONSTRUCTION 
N,837.03,7.16,07,4 DAHLIA CT.,1,17,10,02,BYVL,R90,,Normal,pre-construction,2026-06-30,"$707,690",0.45,"$1,572,644",N,SALE OF NEW CONSTRUCTION 
N,837.03,7.17,07,2 DAHLIA CT.,1,17,10,02,BYVL,R90,,Normal,pre-construction,2026-05-08,"$706,990",0.42,"$1,683,310",N,SALE OF NEW CONSTRUCTION 
N,837.03,7.21,07,7 DAHLIA CT.,1,17,10,02,BYVL,R90,,Normal,pre-construction,2026-05-27,"$677,000",0.21,"$3,223,810",N,SALE OF NEW CONSTRUCTION 
N,837.03,7.22,07,9 DAHLIA CT.,1,17,10,02,BYVL,R90,,Normal,pre-construction,2026-05-27,"$649,990",0.21,"$3,095,190",N,SALE OF NEW CONSTRUCTION 
N,837.03,7.23,07,11 DAHLIA CT.,1,17,10,02,BYVL,R90,,Normal,pre-construction,2026-05-07,"$677,690",0.21,"$3,227,095",N,SALE OF NEW CONSTRUCTION 
N,837.03,7.25,07,15 DAHLIA CT.,1,17,10,02,BYVL,R90,,Normal,pre-construction,2025-11-21,"$676,990",0.21,"$3,223,762",N,SALE OF NEW CONSTRUCTION 
N,837.03,7.26,07,17 DAHLIA CT.,2,17,10,02,BYVL,R90,,Normal,pre-construction,2025-09-26,"$664,540",0.21,"$3,164,476",N,SALE OF NEW CONSTRUCTION 
N,837.03,7.27,07,19 DAHLIA CT.,1,17,10,02,BYVL,R90,,Normal,pre-construction,2025-11-21,"$680,690",0.21,"$3,241,381",N,SALE OF NEW CONSTRUCTION 
N,837.03,7.28,07,21 DAHLIA CT.,2,17,10,02,BYVL,R90,,Normal,pre-construction,2025-10-23,"$665,000",0.21,"$3,166,667",N,SALE OF NEW CONSTRUCTION 
N,840,24,07,12 PINE TREE DR,2,17,10,02,BYVL,R90,COMM,Normal,pre-construction,2024-09-19,"$600,000",0.22,"$2,727,273",N,SALE OF NEW CONSTRUCTION
N,858,27.21,,11 ALLARD RD,1,10,,80,COMM,HB,,Normal,commercial_land,2025-05-20,"$650,000",1.71,"$380,115",N,COMMERCIAL LOT
N,858,32.03,07,1 KEVIN COURT,2,17,10,02,BYVL,R200,HICKORY LANE,Normal,pre-construction,2022-03-31,"$539,240",0.43,"$1,499,291",N,SALE OF NEW CONSTRUCTION
N,858,32.05,07,5 KEVIN COURT,2,17,10,02,BYVL,R200,,Normal,pre-construction,2022-05-10,"$468,400",0.35,"$1,600,006",N,SALE OF NEW CONSTRUCTION
N,858,32.07,07,9 KEVIN COURT,2,17,10,02,BYVL,R200,,Normal,pre-construction,2022-06-22,"$518,630",0.3,"$2,066,850",N,SALE OF NEW CONSTRUCTION
N,858,32.08,07,11 KEVIN COURT,2,17,10,02,BYVL,R200,,Normal,pre-construction,2022-05-02,"$481,350",0.28,"$2,055,300",N,SALE OF NEW CONSTRUCTION
N,858,32.09,07,13 KEVIN COURT,2,17,10,02,BYVL,R200,,Normal,pre-construction,2022-03-24,"$510,640",0.32,"$1,907,819",N,SALE OF NEW CONSTRUCTION
N,858,32.11,07,4 RACHEL COURT,2,17,10,02,BYVL,R200,,Normal,pre-construction,2022-11-22,"$562,890",0.27,"$2,492,481",N,SALE OF NEW CONSTRUCTION
N,858,32.13,07,8 RACHEL COURT,2,17,10,02,BYVL,R200,,Normal,pre-construction,2022-11-15,"$529,610",0.27,"$2,345,119",N,SALE OF NEW CONSTRUCTION
N,858,32.16,07,14 RACHEL CT,2,17,10,02,BYVL,R200,,Normal,pre-construction,2022-07-18,"$513,340",0.38,"$1,615,079",N,SALE OF NEW CONSTRUCTION
N,858,32.20,07,13 RACHEL CT,2,17,10,02,BYVL,R200,,Normal,pre-construction,2022-12-12,"$665,415",0.28,"$2,841,232",N,SALE OF NEW CONSTRUCTION
N,858,32.24,07,5 RACHEL CT,2,17,10,02,BYVL,R200,,Normal,pre-construction,2022-11-28,"$556,277",0.27,"$2,463,200",N,SALE OF NEW CONSTRUCTION
N,858,32.25,07,3 RACHEL CT,2,17,10,02,BYVL,R200,,Normal,pre-construction,2022-11-22,"$566,920",0.27,"$2,510,326",N,SALE OF NEW CONSTRUCTION
Y,858.17,6,00,FREDERICK DR,1,10,,,SOBY,RMF,FREDERICK DR,Normal,building_lot,2021-09-21,"$90,100",0.46,"$195,870",N,RD FRONTAGE ON RESIDENTIAL STREET
N,858.20,13,07,6 BRIDLE PATH,2,17,10,02,BYVL,R200,,Normal,pre-construction,2021-02-23,"$406,305",0.21,"$2,765,305",N,SALE OF NEW CONSTRUCTION
N,859,7.01,,10 TERRACE BLVD,1,10,,80,COMM,HB,,Normal,commercial_land,2023-03-02,"$260,000",1.41,"$184,396",N,COMM VACANT LOT
N,882,38.01,07,1 SANDER WAY,2,17,10,02,RVBK,R200,,Normal,pre-construction,2023-10-27,"$660,000",0.64,"$1,114,725",N,SALE OF NEW CONSTRUCTION
N,882,38.02,07,3 SANDER WAY,2,17,10,02,RVBK,R200,,Normal,pre-construction,2023-10-09,"$695,000",0.45,"$1,669,460",N,SALE OF NEW CONSTRUCTION
N,882,38.04,07,7 SANDER WAY,2,17,10,02,RVBK,R200,,Normal,pre-construction,2024-05-01,"$800,000",1.15,"$695,652",N,SALE OF NEW CONSTRUCTION
N,882,38.05,07,9 SANDER WAY,2,17,10,02,RVBK,R200,,Normal,pre-construction,2024-02-20,"$760,000",0.65,"$1,169,231",N,SALE OF NEW CONSTRUCTION
N,882,38.08,07,15 SANDER WAY,2,17,10,02,RVBK,R200,,Normal,pre-construction,2024-06-15,"$799,900",0.71,"$1,126,620",N,SALE OF NEW CONSTRUCTION
N,882,38.09,07,17 SANDER WAY,2,17,10,02,RVBK,R200,,Normal,pre-construction,2024-03-19,"$785,000",0.69,"$1,137,681",N,SALE OF NEW CONSTRUCTION
N,882,38.10,07,19 SANDER WAY,2,17,10,02,RVBK,R200,,Normal,pre-construction,2024-02-20,"$819,500",0.71,"$1,154,225",N,SALE OF NEW CONSTRUCTION
N,882,38.13,07,8 SANDER WAY,2,17,10,02,RVBK,R200,,Normal,pre-construction,2023-10-19,"$726,500",0.57,"$1,377,730",N,SALE OF NEW CONSTRUCTION
N,882,38.14,07,6 SANDER WAY,2,17,10,02,RVBK,R200,,Normal,pre-construction,2023-10-19,"$690,000",0.57,"$1,308,512",N,SALE OF NEW CONSTRUCTION
N,882,38.16,07,2 SANDER WAY,2,17,10,02,RVBK,R200,,Normal,pre-construction,2023-12-05,"$675,000",0.47,"$1,552,421",N,SALE OF NEW CONSTRUCTION
Y,882,9.03,00,J F K BLVD,1,10,,,RVBK,R200,,Normal,building_lot,2023-04-10,"$150,000",1.24,"$120,968",N,FLAG LOT CONFORMING RD FRONTAGE
Y,893,417,00,16 TUDOR AVE,1,10,00,00,RVBK,R100,,Normal,raw_land,2025-12-05,"$169,900",0.09,"$1,887,778",N,NONCONFORMING RD FRONTAGE 
Y,910,22,,WHEATON AVE,1,10,,,PNWD,R125,,Normal,landlocked,2022-09-30,"$25,000",0.34,"$73,529",N,CONFORMING LANDLOCKED PAPER ST
N,910.01,1.02,07,1 JEFFERSON AVE,2,17,10,02,PNWD,R125,,Normal,pre-construction,2022-01-26,"$395,000",0.73,"$646,914",N,SALE OF NEW CONSTRUCTION
N,913,1,00,CUMBERLAND AVE,1,10,,,PNWD,R125,,Normal,landlocked,2024-09-27,"$75,000",0.29,"$258,621",N,SAME LLC PURCHASED 3 LOTS ALL FOR SAME PRICE CONFORMING LANDLOCKED PAPER ST
N,913,12,00,JEFFERSON AVE,1,10,,,PNWD,R125,,Normal,landlocked,2024-09-27,"$75,000",0.34,"$220,588",N,SAME LLC PURCHASED 3 LOTS ALL FOR SAME PRICE CONFORMING LANDLOCKED PAPER ST
N,913,5,00,CUMBERLAND AVE,1,10,,,PNWD,R125,,Normal,landlocked,2024-09-27,"$75,000",0.29,"$258,621",N,SAME LLC PURCHASED 3 LOTS ALL FOR SAME PRICE CONFORMING LANDLOCKED PAPER ST
Y,914,21,00,CUMBERLAND AVE,1,10,,,PNWD,R125,,Normal,landlocked,2024-12-12,"$90,000",0.34,"$264,706",N,CONFORMING LANDED LOCKED PAPER ST
Y,915,10,00,JEFFERSON AVE,1,10,,,PNWD,R125,,Normal,landlocked,2024-12-13,"$110,000",0.46,"$239,130",N,CONFORMING LANDLOCKED PAPER ST
Y,915,25,00,CUMBERLAND AVE,1,10,,,PNWD,R125,,Normal,landlocked,2024-12-12,"$50,000",0.23,"$217,391",N,NONCONFORMING LANDLOCKED PAPER ST
Y,915,29,00,CUMBERLAND AVE,1,10,,,PNWD,R125,,Normal,landlocked,2024-12-13,"$50,000",0.23,"$217,391",N,NONCONFORMING LANDLOCKED PAPER ST
Y,924,26,07,MC COOK AVE,1,10,,,PNWD,R125,,Normal,landlocked,2023-11-09,"$70,000",0.53,"$132,075",Y (2),CONFORMING LANDLOCKED PAPER ST
N,925,7.01,,4 PHELPS AVE,2,17,10,02,PNWD,R125,,Normal,pre-construction,2021-05-26,"$85,000",0.23,"$369,565",N,SALE OF NEW CONSTRUCTION
Y,939,14,00,HICKORY LN,1,10,,,BYVL,R200,HICKORY LANE,Normal,building_lot,2022-07-06,"$200,000",1.52,"$131,579",N,RD FRONTAGE ON MIXED ST NEXT TO RESI AND COMM
N,939,19.04,07,2 PADDOCK CT,2,17,10,02,BYVL,R200, ,Normal,pre-construction,2021-06-29,"$442,600",0.27,"$2,342,922",N,SALE OF NEW CONSTRUCTION
N,939,19.06,07,4 PADDOCK CT,2,17,10,02,BYVL,R200,,Normal,pre-construction,2021-08-30,"$412,850",0.19,"$3,105,626",N,SALE OF NEW CONSTRUCTION
N,939,19.07,07,5 PADDOCK CT,2,17,10,02,BYVL,R200,,Normal,pre-construction,2021-08-24,"$455,565",0.19,"$3,426,942",N,SALE OF NEW CONSTRUCTION
N,939,19.08,07,6 PADDOCK CT,2,17,10,02,BYVL,R200,,Normal,pre-construction,2021-10-26,"$413,970",0.19,"$3,114,047",N,SALE OF NEW CONSTRUCTION
N,939,19.10,07,8 PADDOCK CT,2,17,10,02,BYVL,R200,,Normal,pre-construction,2021-10-28,"$461,460",0.15,"$3,076,400",N,SALE OF NEW CONSTRUCTION
N,939,19.13,07,20 PRAIRIE LN,2,17,10,02,BYVL,R200,,Normal,pre-construction,2021-04-27,"$431,305",0.19,"$3,244,447",N,SALE OF NEW CONSTRUCTION
N,939,19.15,07,16 PRAIRIE LN,2,16,10,02,BYVL,R200,,Normal,pre-construction,2021-05-20,"$410,290",0.2,"$2,932,050",N,SALE OF NEW CONSTRUCTION
N,939,19.16,07,14 PRAIRIE LN,2,17,10,02,BYVL,R200,,Normal,pre-construction,2021-06-30,"$448,640",0.22,"$2,914,645",N,SALE OF NEW CONSTRUCTION
N,939,19.21,07,4 PRAIRIE LN,2,17,10,02,BYVL,R200,,Normal,pre-construction,2021-11-04,"$473,110",0.26,"$2,600,754",N,SALE OF NEW CONSTRUCTION
N,939.15,23.15,07,19 PRAIRIE LN,2,17,10,02,BYVL,R200,,Normal,pre-construction,2021-12-06,"$455,110",0.19,"$3,423,521",N,SALE OF NEW CONSTRUCTION
N,939.15,23.16,07,21 PRAIRIE LN,2,17,10,02,BYVL,R200,,Normal,pre-construction,2021-01-25,"$439,950",0.23,"$2,733,917",N,SALE OF NEW CONSTRUCTION
N,956,1,00,760 ROUTE 9,1,10,,,COMM,CNB,,Normal,commercial_land,2025-02-12,"$189,000",1,"$189,000",N,COMM VACANT LOT
N,956,24.01,07,1 POTTERS CT,1,17,10,02,PNWD,R125,,Normal,pre-construction,2026-05-28,"$865,000",0,,N,SALE OF NEW CONSTRUCTION
N,956,24.07,07,2 POTTERS CT,1,18,10,02,PNWD,R125,,Normal,pre-construction,2026-06-23,"$850,000",0,,N,SALE OF NEW CONSTRUCTION
N,976,8,07,472 MULLER AVE,1,16,10,02,PNWD,R150,,Normal,pre-construction,2026-05-15,"$850,000",0.52,"$1,634,615",N,SALE OF NEW CONSTRUCTION
Y,992,1,00,ADAMS AVE,1,10,,,PNWD,R150,,Normal,raw_land,2026-06-04,"$95,000",0.23,"$413,043",N,RD FRONTAGE NONCONFORMING
Y,994,17,,MONROE AVE,1,10,00,00,PNWD,R150,,Normal,landlocked,2024-03-11,"$30,000",0.34,"$88,235",N,CONFORMING LANDLOCKED PAPER ST
N,999,15,00,ROUTE 9,1,10,,,PNWD,R150,ROUTE 9,Normal,commercial_land,2026-05-18,"$165,000",1,"$165,000",N,COMM VACANT LOT
N,999,8,,ROUTE 9,1,10,,,PNWD,R150,ROUTE 9,Normal,commercial_land,2024-02-02,"$40,000",0.63,"$63,492",N,COMM VACANT LOT
Y,1000,9.01,,708 ADAMS AVE,1,10,10,02,PNWD,R400  ,,Normal,building_lot,2024-04-25,"$45,000",0,,N,SALE OF LAND BEFORE HOUSE BUILT
Y,1014,26.01,,1 HALIFAX RD,2,37,30,09,CCTH,CNC,,Normal,pre-construction,2024-02-23,"$166,750",0,,N,SALE OF LAND BEFORE HOUSE BUILT
Y,1014,26.01,,1 HALIFAX RD,2,37,30,09,CCTH,CNC,,Normal,pre-construction,2024-02-27,"$166,750",0,,N,SALE OF LAND BEFORE HOUSE BUILT
Y,1014,26.01,,3 HALIFAX RD,2,37,30,08,CCTH,CNC,,Normal,pre-construction,2024-02-23,"$166,750",0,,N,SALE OF LAND BEFORE HOUSE BUILT
Y,1014,26.01,,3 HALIFAX RD,2,37,30,08,CCTH,CNC,,Normal,pre-construction,2024-02-27,"$166,750",0,,N,SALE OF LAND BEFORE HOUSE BUILT
Y,1014,26.01,,5 HALIFAX RD,2,37,30,08,CCTH,CNC,,Normal,pre-construction,2024-02-23,"$166,750",0,,N,SALE OF LAND BEFORE HOUSE BUILT
Y,1014,26.01,,5 HALIFAX RD,2,37,30,08,CCTH,CNC,,Normal,pre-construction,2024-02-27,"$166,750",0,,N,SALE OF LAND BEFORE HOUSE BUILT
Y,1014,26.01,,7 HALIFAX RD,2,37,30,08,CCTH,CNC,,Normal,pre-construction,2024-02-23,"$110,750",0,,N,SALE OF LAND BEFORE HOUSE BUILT
Y,1014,26.01,,7 HALIFAX RD,2,37,30,08,CCTH,CNC,,Normal,pre-construction,2024-02-27,"$110,750",0,,N,SALE OF LAND BEFORE HOUSE BUILT
Y,1014,26.01,,9 HALIFAX RD,2,37,30,08,CCTH,CNC,,Normal,pre-construction,2024-02-23,"$110,750",0,,N,SALE OF LAND BEFORE HOUSE BUILT
Y,1014,26.01,,9 HALIFAX RD,2,37,30,08,CCTH,CNC,,Normal,pre-construction,2024-02-27,"$110,750",0,,N,SALE OF LAND BEFORE HOUSE BUILT
Y,1014,26.01,,11 HALIFAX RD,2,37,30,08,CCTH,CNC,,Normal,pre-construction,2024-02-23,"$110,750",0,,N,SALE OF LAND BEFORE HOUSE BUILT
Y,1014,26.01,,11 HALIFAX RD,2,37,30,08,CCTH,CNC,,Normal,pre-construction,2024-02-27,"$110,750",0,,N,SALE OF LAND BEFORE HOUSE BUILT
Y,1014,26.01,,13 HALIFAX RD,2,37,30,08,CCTH,CNC,,Normal,pre-construction,2024-02-23,"$111,750",0,,N,SALE OF LAND BEFORE HOUSE BUILT
Y,1014,26.01,,13 HALIFAX RD,2,37,30,08,CCTH,CNC,,Normal,pre-construction,2024-02-27,"$111,750",0,,N,SALE OF LAND BEFORE HOUSE BUILT
Y,1014,26.01,,15 HALIFAX RD,2,37,30,08,CCTH,CNC,,Normal,pre-construction,2024-02-23,"$110,750",0,,N,SALE OF LAND BEFORE HOUSE BUILT
Y,1014,26.01,,15 HALIFAX RD,2,37,30,08,CCTH,CNC,,Normal,pre-construction,2024-02-27,"$110,750",0,,N,SALE OF LAND BEFORE HOUSE BUILT
Y,1014,26.01,,17 HALIFAX RD,2,37,30,08,CCTH,CNC,,Normal,pre-construction,2024-02-23,"$166,750",0,,N,SALE OF LAND BEFORE HOUSE BUILT
Y,1014,26.01,,19 HALIFAX RD,2,37,30,09,CCTH,CNC,,Normal,pre-construction,2024-02-23,"$166,750",0,,N,SALE OF LAND BEFORE HOUSE BUILT
Y,1014,26.01,,2 HALIFAX RD,2,37,30,09,CCTH,CNC,,Normal,pre-construction,2024-06-26,"$166,750",0,,N,SALE OF LAND BEFORE HOUSE BUILT
Y,1014,26.01,,2 HALIFAX RD,2,37,30,09,CCTH,CNC,,Normal,pre-construction,2024-07-01,"$166,750",0,,N,SALE OF LAND BEFORE HOUSE BUILT
Y,1014,26.01,,4 HALIFAX RD,2,37,30,08,CCTH,CNC,,Normal,pre-construction,2024-06-26,"$166,750",0,,N,SALE OF LAND BEFORE HOUSE BUILT
Y,1014,26.01,,23 HALIFAX RD,2,35,30,09,CCTH,CNC,,Normal,pre-construction,2025-01-24,"$166,750",0,,N,SALE OF LAND BEFORE HOUSE BUILT
Y,1014,26.01,,25 HALIFAX RD,2,35,30,08,CCTH,CNC,,Normal,pre-construction,2025-01-24,"$166,750",0,,N,SALE OF LAND BEFORE HOUSE BUILT
Y,1014,26.01,,27 HALIFAX RD,2,35,30,08,CCTH,CNC,,Normal,pre-construction,2025-01-24,"$110,750",0,,N,SALE OF LAND BEFORE HOUSE BUILT
Y,1014,26.01,,29 HALIFAX RD,1,37,30,08,CCTH,CNC,,Normal,building-lot,2025-01-24,"$110,750",0,,N,SALE OF LAND BEFORE HOUSE BUILT
Y,1014,26.01,,31 HALIFAX RD,1,37,30,08,CCTH,CNC,,Normal,building-lot,2025-01-24,"$110,750",0,,N,SALE OF LAND BEFORE HOUSE BUILT
Y,1014,26.01,,33 HALIFAX RD,2,35,30,08,CCTH,CNC,,Normal,pre-construction,2025-01-24,"$110,750",0,,N,SALE OF LAND BEFORE HOUSE BUILT
Y,1014,26.01,,35 HALIFAX RD,1,37,30,08,CCTH,CNC,,Normal,building-lot,2025-01-24,"$166,750",0,,N,SALE OF LAND BEFORE HOUSE BUILT
Y,1014,26.01,,37 HALIFAX RD,2,35,30,09,CCTH,CNC,,Normal,pre-construction,2025-01-24,"$166,750",0,,N,SALE OF LAND BEFORE HOUSE BUILT
Y,1014,26.01,,22 HALIFAX RD,1,37,30,08,CCTH,CNC,,Normal,pre-construction,2025-04-24,"$166,750",0,,N,SALE OF LAND BEFORE HOUSE BUILT
Y,1014,26.01,,24 HALIFAX RD,1,37,30,08,CCTH,CNC,,Normal,pre-construction,2025-04-24,"$166,750",0,,N,SALE OF LAND BEFORE HOUSE BUILT
Y,1014,26.01,,26 HALIFAX RD,1,37,30,08,CCTH,CNC,,Normal,pre-construction,2025-04-24,"$166,750",0,,N,SALE OF LAND BEFORE HOUSE BUILT
Y,1014,26.01,,28 HALIFAX RD,1,37,30,08,CCTH,CNC,,Normal,pre-construction,2025-04-24,"$110,750",0,,N,SALE OF LAND BEFORE HOUSE BUILT
Y,1014,26.01,,30 HALIFAX RD,1,37,30,08,CCTH,CNC,,Normal,pre-construction,2025-04-24,"$110,750",0,,N,SALE OF LAND BEFORE HOUSE BUILT
Y,1014,26.01,,32 HALIFAX RD,1,37,30,08,CCTH,CNC,,Normal,pre-construction,2025-04-24,"$110,750",0,,N,SALE OF LAND BEFORE HOUSE BUILT
Y,1014,26.01,,34 HALIFAX RD,1,37,30,08,CCTH,CNC,,Normal,pre-construction,2025-04-24,"$110,750",0,,N,SALE OF LAND BEFORE HOUSE BUILT
Y,1014,26.01,,36 HALIFAX RD,1,37,30,08,CCTH,CNC,,Normal,pre-construction,2025-04-24,"$110,750",0,,N,SALE OF LAND BEFORE HOUSE BUILT
Y,1014,26.01,,38 HALIFAX RD,1,37,30,08,CCTH,CNC,,Normal,pre-construction,2025-04-24,"$110,750",0,,N,SALE OF LAND BEFORE HOUSE BUILT
Y,1014,26.01,,40 HALIFAX RD,1,37,30,08,CCTH,CNC,,Normal,pre-construction,2025-04-24,"$166,750",0,,N,SALE OF LAND BEFORE HOUSE BUILT
Y,1014,26.01,,42 HALIFAX RD,1,37,30,08,CCTH,CNC,,Normal,pre-construction,2025-04-24,"$166,750",0,,N,SALE OF LAND BEFORE HOUSE BUILT
Y,1014,26.01,,44 HALIFAX RD,1,37,30,09,CCTH,CNC,,Normal,pre-construction,2026-01-23,"$460,990",0,,N,SALE OF LAND BEFORE HOUSE BUILT
Y,1014,26.01,,44 HALIFAX RD,1,37,30,09,CCTH,CNC,,Normal,pre-construction,2025-04-24,"$166,750",0,,N,SALE OF LAND BEFORE HOUSE BUILT
Y,1014,26.01,,46 HALIFAX RD,1,37,30,09,CCTH,CNC,,Normal,pre-construction,2025-07-02,"$166,750",0,,N,SALE OF LAND BEFORE HOUSE BUILT
Y,1014,26.01,,48 HALIFAX RD,1,37,30,08,CCTH,CNC,,Normal,pre-construction,2025-07-03,"$166,750",0,,N,SALE OF LAND BEFORE HOUSE BUILT
Y,1014,26.01,,50 HALIFAX RD,1,37,30,08,CCTH,CNC,,Normal,pre-construction,2025-07-03,"$166,750",0,,N,SALE OF LAND BEFORE HOUSE BUILT
Y,1014,26.01,,52 HALIFAX RD,1,37,30,09,CCTH,CNC,,Normal,pre-construction,2025-07-03,"$110,750",0,,N,SALE OF LAND BEFORE HOUSE BUILT
Y,1014,26.01,,54 HALIFAX RD,1,37,30,08,CCTH,CNC,,Normal,pre-construction,2025-07-03,"$110,750",0,,N,SALE OF LAND BEFORE HOUSE BUILT
Y,1014,26.01,,56 HALIFAX RD,1,37,30,08,CCTH,CNC,,Normal,pre-construction,2025-07-03,"$110,750",0,,N,SALE OF LAND BEFORE HOUSE BUILT
Y,1014,26.01,,58 HALIFAX RD,1,37,30,08,CCTH,CNC,,Normal,pre-construction,2025-07-03,"$110,750",0,,N,SALE OF LAND BEFORE HOUSE BUILT
Y,1014,26.01,,60 HALIFAX RD,1,37,30,08,CCTH,CNC,,Normal,pre-construction,2025-07-03,"$110,750",0,,N,SALE OF LAND BEFORE HOUSE BUILT
Y,1014,26.01,,62 HALIFAX RD,1,37,30,08,CCTH,CNC,,Normal,pre-construction,2025-07-03,"$110,750",0,,N,SALE OF LAND BEFORE HOUSE BUILT
Y,1014,26.01,,64 HALIFAX RD,1,37,30,08,CCTH,CNC,,Normal,pre-construction,2025-07-03,"$166,750",0,,N,SALE OF LAND BEFORE HOUSE BUILT
Y,1014,26.01,,66 HALIFAX RD,1,37,30,08,CCTH,CNC,,Normal,pre-construction,2025-07-03,"$166,750",0,,N,SALE OF LAND BEFORE HOUSE BUILT
Y,1014,26.01,,68 HALIFAX RD,1,37,30,09,CCTH,CNC,,Normal,pre-construction,2025-07-03,"$166,750",0,,N,SALE OF LAND BEFORE HOUSE BUILT
Y,1014,26.01,,5 PELHAM LN,1,37,30,02,CCTH,CNC,,Normal,pre-construction,2026-01-16,"$110,750",0,,N,SALE OF LAND BEFORE HOUSE BUILT
Y,1014,26.01,,13 PELHAM LN,1,37,30,02,CCTH,CNC,,Normal,pre-construction,2026-01-16,"$166,750",0,,N,SALE OF LAND BEFORE HOUSE BUILT
Y,1014,26.01,,15 PELHAM LN,1,37,30,02,CCTH,CNC,,Normal,pre-construction,2026-01-16,"$166,750",0,,N,SALE OF LAND BEFORE HOUSE BUILT
Y,1014,26.01,,2 PELHAM LN,1,37,30,09,CCTH,CNC,,Normal,pre-construction,2025-10-03,"$166,750",0,,N,SALE OF LAND BEFORE HOUSE BUILT
Y,1014,26.01,,4 PELHAM LN,1,37,30,08,CCTH,CNC,,Normal,teardown,2025-10-03,"$166,750",0,,N,SALE OF LAND BEFORE HOUSE BUILT
Y,1014,26.01,,6 PELHAM LN,1,37,30,08,CCTH,CNC,,Normal,pre-construction,2025-10-03,"$110,750",0,,N,SALE OF LAND BEFORE HOUSE BUILT
Y,1014,26.01,,8 PELHAM LN,1,37,30,08,CCTH,CNC,,Normal,pre-construction,2025-10-03,"$110,750",0,,N,SALE OF LAND BEFORE HOUSE BUILT
Y,1014,26.01,,10 PELHAM LN,1,37,30,08,CCTH,CNC,,Normal,pre-construction,2025-10-03,"$110,750",0,,N,SALE OF LAND BEFORE HOUSE BUILT
Y,1014,26.01,,12 PELHAM LN,1,37,30,08,CCTH,CNC,,Normal,pre-construction,2025-10-03,"$110,750",0,,N,SALE OF LAND BEFORE HOUSE BUILT
Y,1014,26.01,,14 PELHAM LN,1,37,30,08,CCTH,CNC,,Normal,pre-construction,2025-10-03,"$110,750",0,,N,SALE OF LAND BEFORE HOUSE BUILT
Y,1014,26.01,,16 PELHAM LN,1,37,30,08,CCTH,CNC,,Normal,pre-construction,2025-10-03,"$166,750",0,,N,SALE OF LAND BEFORE HOUSE BUILT
Y,1014,26.01,,18 PELHAM LN,1,37,30,08,CCTH,CNC,,Normal,pre-construction,2025-10-03,"$166,750",0,,N,SALE OF LAND BEFORE HOUSE BUILT
Y,1014,26.01,,20 PELHAM LN,1,37,30,09,CCTH,CNC,,Normal,pre-construction,2025-10-03,"$166,750",0,,N,SALE OF LAND BEFORE HOUSE BUILT
N,1023.01,9,,33 COVE DR,1,10,,,RVBK,R100,,Normal,building_lot,2022-01-21,"$115,000",0.16,"$907,756",N,1ST SALE OF VACANT LOT SOLD AGAIN
Y,1061,2,,239 BERKELEY DR,2,17,10,02,RVBK,R100,,Normal,pre-construction,2022-05-09,"$110,000",0.33,"$420,988",N,SALE OF LAND PRIOR TO HOUSE BEING BUILT
N,1077,1.02,,10 MILL CREEK COURT,2,35,30,08,BCCD,RMF,,Normal,pre-construction,2024-09-16,"$369,000",0,,N,SALE OF NEW CONSTRUCTION
N,1077,1.02,,34 MILL CREEK COURT,2,35,30,08,BCCD,RMF,,Normal,pre-construction,2023-12-15,"$356,200",0,,N,SALE OF NEW CONSTRUCTION
N,1077,1.02,,40 MILL CREEK COURT,2,35,30,08,BCCD,RMF,,Normal,pre-construction,2023-12-19,"$347,230",0,,N,SALE OF NEW CONSTRUCTION
Y,1097,21,,149 SHERMAN AVE,2,17,10,03,BYVL,R100,,Normal,pre-construction,2022-01-11,"$120,000",0.28,"$541,271",N,SALE OF LAND BEFORE HOUSE WAS BUILT
N,1128,1,,OCEAN GATE AVE,1,10,,,BYVL,PPC,,Normal,building_lot,2021-07-26,"$370,000",0.23,"$2,426,474",N,SHERRIF SALE
N,1185,4271,,AVALON AVE,1,10,,,RVBK,R50,,Normal,raw_land,2025-03-10,"$10,000",0.09,"$111,122",N,SALE NU 19
N,1185,4280.01,,8 AVALON AVE,1,16,10,03,RVBK,R50,,Normal,building_lot,2021-05-25,"$140,000",0.14,"$1,508,350",N,PRIOR SALE FOR VACANT LOT
Y,1215,62,,51 GOOD LUCK DRIVE,2,17,10,03,BYVL,R64,,Normal,pre-construction,2021-09-23,"$200,000",0.15,"$2,011,133",N,SALE OF VACANT LOT PRIOR TO HOUSE BEING BUILT
N,1215,62,,51 GOOD LUCK DRIVE,2,17,10,03,BYVL,R64,,Normal,pre-construction,2021-05-14,"$155,000",0.15,"$1,558,627",N,PRIOR SALE OF VACANT LOT
N,1219.03,11,,30 BOWSPRIT DR,1,10,00,00,BVLF,R60,,Lagoon Front,teardown,2022-04-14,"$824,549",0.14,"$7,438,414",N,VACANT LOT WT BULKHEAD HAD HOUSE ON PROPERTY
Y,1221.04,17,,1 DRAKE DR,2,17,10,02,BVLF,R50,,Lagoon Front,pre-construction,2022-11-04,"$235,000",0.19,"$1,562,089",N,SALE OF VACANT LOT PRIOR TO HOUSE BEING BUILT
N,1221.04,17,,1 DRAKE DR,2,17,10,02,BVLF,R50,,Lagoon Front,pre-construction,2021-07-08,"$150,000",0.19,"$1,190,800",N,PRIOR VACANT LOT SALE
N,1247,8.17,,5 MELINDA CT.,2,17,10,02,BYVL,R100,,Normal,pre-construction,2024-04-30,"$706,900",0.32,"$2,340,450",N,SALE OF NEW CONSTRUCTION
N,1247,8.32,,539 ROUTE 9,1,10,00,00,BYVL,R100,,Normal,commercial_land,2024-12-11,"$4,550,000",7.18,"$671,395",N,COMM LAND OR  LOT FOR NEW SUBDIVISION DEVELOPMENT 
N,1256,9,,NEWARK AVE,1,10,,,BYVL,R100,,Normal,raw_land,2023-05-31,"$155,000",0.52,"$340,937",N,VACANT LAND SOLD TO DEVELOPER
N,1278,67.01,,1 NOBLES WAY,1,10,,,BYVL,R100,,Normal,building_lot,2021-12-10,"$600,000",0.25,"$3,620,036",N,PACKAGE DEAL FOR NEW DEVELOPMENT
N,1278,67.02,,3 NOBLES WAY,1,10,,,BYVL,R100,,Normal,building_lot,2021-12-10,"$600,000",0.25,"$3,620,036",N,PACKAGE DEAL FOR NEW DEVELOPMENT
N,1278,67.03,,5 NOBLES WAY,1,10,,,BYVL,R100,,Normal,building_lot,2021-12-10,"$600,000",0.26,"$3,480,804",N,PACKAGE DEAL FOR NEW DEVELOPMENT
N,1278,67.04,,7 NOBLES WAY,1,10,,,BYVL,R100,,Normal,building_lot,2021-12-10,"$600,000",0.27,"$3,351,885",N,PACKAGE DEAL FOR NEW DEVELOPMENT
N,1278,67.05,,9 NOBLES WAY,1,10,,,BYVL,R100,,Normal,building_lot,2021-12-10,"$600,000",0.31,"$2,919,384",N,PACKAGE DEAL FOR NEW DEVELOPMENT
N,1278.01,1,,2 NOBLES WAY,1,10,,,BYVL,R100,,Normal,building_lot,2021-12-10,"$600,000",0.27,"$3,351,885",N,PACKAGE DEAL FOR NEW DEVELOPMENT
N,1278.01,2,,4 NOBLES WAY,1,10,,,BYVL,R100,,Normal,building_lot,2021-12-10,"$600,000",0.34,"$2,661,791",N,PACKAGE DEAL FOR NEW DEVELOPMENT
N,1278.01,3,,6 NOBLES WAY,1,10,,,BYVL,R100,,Normal,building_lot,2021-12-10,"$600,000",0.3,"$3,016,697",N,PACKAGE DEAL FOR NEW DEVELOPMENT
N,1278.01,4,,8 NOBLES WAY,1,10,,,BYVL,R100,,Normal,building_lot,2021-12-10,"$600,000",0.27,"$3,351,885",N,PACKAGE DEAL FOR NEW DEVELOPMENT
N,1278.01,5,,10 NOBLES WAY,1,10,,,BYVL,R100,,Normal,building_lot,2021-12-10,"$600,000",0.24,"$3,770,871",N,PACKAGE DEAL FOR NEW DEVELOPMENT
N,1278.01,6,,58 SLOOP CREEK RD,1,10,00,00,BYVL,R100,,Normal,building_lot,2021-12-10,"$600,000",0.31,"$2,919,384",N,PACKAGE DEAL FOR NEW DEVELOPMENT
N,1278.01,7,,NOBLES WAY,1,10,,,BYVL,R100,,Normal,building_lot,2021-12-10,"$600,000",0,,N,PACKAGE DEAL FOR NEW DEVELOPMENT
N,1302,1,,OAK PL,1,10,,,BYVL,CR,,Normal,building_lot,2023-08-14,"$13,900",0.41,"$38,778",N,SOLD FROM TOWN 
N,1337,12,,RIVERSIDE DR,1,10,,,HLPK,R100,,Normal,raw_land,2024-12-12,"$14,500",0.14,"$109,736",N,NU19 
N,1337,47,,HAWK AVE,1,10,,,HLPK,R100,,Normal,raw_land,2025-02-11,"$15,000",0.14,"$107,143",N,NONCONFORMING PRIOR SALE
Y,1357,42,,422 BIRCH ST,2,17,10,02,HLPK,R100,,Normal,pre-construction,2023-10-31,"$100,000",0.29,"$394,410",N,CONFORMING BOUGHT BY CONSTRUCTION COMPANY NEXT SALE OF HOUSE
Y,1366.01,9,,509 BIRCH ST,2,17,10,02,HLPK,R100,,Normal,pre-construction,2022-12-20,"$100,000",0.29,"$435,507",N,CONFORMING BOUGHT BY CONSTRUCTION COMPANY NEXT SALE OF HOUSE
N,1367,10.01,,BIRCH ST,1,10,00,00,HLPK,R100,,Normal,raw_land,2022-06-17,"$2,500",0,,N,NU 15 
Y,1367,13,,507 LAUREL ST,2,17,10,02,HLPK,R100,,Normal,pre-construction,2023-05-30,"$100,000",0.29,"$394,410",N,CONFORMING BOUGHT BY CONSTRUCTION COMPANY NEXT SALE OF HOUSE
N,1367,9,,LAUREL ST,1,10,,,HLPK,R100,,Normal,raw_land,2025-04-14,"$1,250",0.14,"$8,929",N,NU 14
N,1367,9,,LAUREL ST,1,10,,,HLPK,R100,,Normal,raw_land,2025-04-12,"$1,250",0.14,"$8,929",N,NU 14
N,1367,9,,LAUREL ST,1,10,,,HLPK,R100,,Normal,building-lot,2024-10-29,$500,0.14,"$3,786",N,NU 14
N,1407,21.01,,35 BUTLER BLVD,2,17,10,02,HLPK,R100,BUTLER BLVD,Normal,pre-construction,2022-08-09,"$544,000",0.31,"$2,216,303",N,SALE OF NEW CONSTRUCTION
N,1407,21.01,,35 BUTLER BLVD,2,17,10,02,HLPK,R100,BUTLER BLVD,Normal,pre-construction,2021-09-10,"$65,000",0.31,"$316,268",N,NU 30 PACKAGE DEAL SALE OF LAND PRIOR TO HOUSE BUILT
N,1407,21.02,,4 LAUREL LANE,2,17,10,02,HLPK,R100,,Normal,pre-construction,2021-09-10,"$70,000",0.52,"$203,046",N,NU 30 PACKAGE DEAL 
N,1407,8.17,,725 ROUTE 9,1,10,,,HLPK,R100,,Normal,pre-construction,2023-01-31,"$485,000",2.79,"$198,831",N,SALE OF NEW CONSTRUCTION
Y,1427,5.01,,127 ROGERS ST,1,17,10,02,HLPK,CR,,Normal,pre-construction,2024-12-05,"$50,000",0.23,"$230,322",N,SALE OF CONFORMING LOT PRIOR TO HOUSE 
Y,1437,11,,145 BUTLER BLVD,2,17,10,04,HLPK,R100,BUTLER BLVD,Normal,pre-construction,2022-01-28,"$70,000",0.26,"$340,031",N,SALE OF CONFORMING LOT PRIOR TO HOUSE BUILT
Y,1437,11,,145 BUTLER BLVD,2,17,10,04,HLPK,R100,BUTLER BLVD,Normal,pre-construction,2021-06-14,"$60,000",0.26,"$348,081",N,CONFORMING VACANT LAND TO BUILDER
Y,1541,74,,246 NO BAY DR,1,10,,,HPLF,R64,,Lagoon Front,building_lot,2024-06-28,"$325,000",0.14,"$2,459,500",N,CONFORMING WITH BULKHEAD
N,1541,83,,230 NO BAY DR,1,10,,,HPLF,R64,,Lagoon Front,building_lot,2025-05-13,"$125,000",0.07,"$1,785,714",N,NU 26 PRIOR SALE OF CONFORMING  WT BULKHEAD
Y,1545,3,,233 BUTLER BLVD,2,17,10,02,HPLF,R64,,Lagoon View,pre-construction,2021-10-01,"$195,000",0.11,"$2,673,891",N,CONFORMING VACANT LOT PRIOR TO HOUSE BEING BUILT BY FAMILY
Y,1545,3,,233 BUTLER BLVD,2,17,10,02,HPLF,R64,,Lagoon Front,pre-construction,2021-02-23,"$173,500",0.11,"$2,379,073",N,CONFORMING VACANT LOT PRIOR TO HOUSE BEING BUILT
Y,1547,82,,208 BUTLER BLVD,2,18,10,02,HPLF,R64,,Lagoon Front,pre-construction,2021-01-15,"$149,500",0.09,"$2,505,533",N,CONFORMING LOT VACANT SOLD AGAIN BEFORE HOUSE BUILT
Y,1550,4,,211 PINE DR,2,17,10,02,HPLF,R64,,Lagoon Front,pre-construction,2022-07-27,"$155,000",0.07,"$2,796,571",N,CONFORMING VACANT LOT BEFORE HOUSE BUILT
Y,1551,2.01,,208 PINE DR,1,16,10,02,HPLF,R64,,Lagoon Front,pre-construction,2024-05-23,"$340,000",0.15,"$2,401,480",N,CONFORMING LOT WITH BULKHEAD BEFORE HOUSE WAS BUILT
Y,1552,23,,243 EVERGREEN DR,2,17,10,02,HPLF,R64,,Lagoon Front,pre-construction,2021-01-29,"$216,000",0.11,"$2,961,845",N,CONFORMING VACANT LOT PRIOR TO HOUSE
N,1554,9,,217 FERNWOOD DR,1,10,,,HPLF,R64,,Lagoon Front,building_lot,2021-04-16,"$75,000",0.07,"$1,616,086",N,NU 26 SOLD AGAIN AS VACANT 
Y,1555,13,,224 FERNWOOD DR,2,17,10,02,HPLF,R64,,Lagoon Front,teardown,2021-11-18,"$160,000",0.07,"$3,447,657",N,SALE OF PROPERTY TEAR DOWN HAD LOW IMPROVEMENT VALUE PRIOR TO HOUSE BUILT
Y,1562,46,,293 SANDLEWOOD DR,1,16,10,01,HPLF,R64,,Bay Front,pre-construction,2021-02-26,"$259,000",0.18,"$2,170,344",N,SALE OF VACANT LAND PRIOR TO HOUSE BUILT
Y,1637,14.01,,175 BRENNAN CONCOURSE,1,17,10,02,HLPK,R100,BRENNAN CONCOURSE,Normal,pre-construction,2024-09-03,"$115,000",0.11,"$1,107,636",N,SALE OF VACANT LAND PRIOR TO HOUSE BUILT
N,1666,20.01,,207 HARBOR INN RD,2,17,10,02,HLPK,R100,,Bay View,pre-construction,2021-07-21,$500,0.55,"$1,371",N,NU 26 VACANT LAND 
N,1671,3.02,,126 SUNSET DR NORTH,2,18,10,01,PLIS,CR,,Bay Front,pre-construction,2021-09-30,"$350,000",0.08,"$6,599,025",N,NU 6 SPLIT OFF 
N,1671,3.04,,124 SUNSET DR NORTH,2,18,10,01,PLIS,CR,,Bay Front,pre-construction,2021-09-30,"$350,000",0.08,"$6,599,025",N,NU 6 SPLIT OFF
N,1671,3.06,,122 SUNSET DR NORTH,2,18,10,01,PLIS,CR,,Bay Front,pre-construction,2021-09-30,"$350,000",0.08,"$6,599,025",N,NU 6 SPLIT OFF
N,1671,3.08,,120 SUNSET DR NORTH,2,18,10,01,PLIS,CR,,Bay Front,pre-construction,2021-09-30,"$350,000",0.08,"$6,599,025",N,NU 6 SPLIT OFF
N,1671,3.10,,118 SUNSET DR NORTH,2,18,10,01,PLIS,CR,,Bay Front,pre-construction,2021-09-30,"$350,000",0.08,"$6,599,025",N,NU 6 SPLIT OFF
N,1674,22,,5 TRINIDAD AVE,1,10,00,00,PLIS,CR,,Normal,building_lot,2021-02-15,"$160,000",0.18,"$1,340,756",N,NU 4 DEED CORRECT 
Y,1674,22,,5 TRINIDAD AVE,1,10,00,00,PLIS,CR,,Normal,building_lot,2021-02-15,"$160,000",0.18,"$1,340,756",N,CONFORMING VACANT LOT SOLD AGAIN
Y,1674,26,,1 TRINIDAD AVE,2,18,10,02,PLIS,CR,,Normal,pre-construction,2022-12-14,"$230,000",0.14,"$2,074,871",N,VACANT LAND SALE BEFORE HOUSE WAS BUILT
Y,1674,26,,1 TRINIDAD AVE,2,18,10,02,PLIS,CR,,Normal,pre-construction,2021-03-02,"$160,000",0.14,"$1,723,829",N,PREVIOUS VACANT LAND SALE 
N,1675,1.01,,189 PRINCE EDWARD AVE.,1,10,,,PLIS,BFC,,Normal,teardown,2024-08-20,"$285,000",0,,N,SUBDIVISION WAS 4A WITH SMALL IMPROVEMENT VALUE
Y,1681,11,,109 CEYLON AVE,2,18,10,02,PLIS,CR,,Normal,pre-construction,2021-04-05,"$153,000",0.14,"$1,648,407",N,VACANT LAND PRIOR TO HOUSE BUILT
N,1685,13.01,,511 SUNSET DR SOUTH,1,10,00,00,PLIS,CR,,Bay Front,building-lot,2022-09-29,"$1,499,000",0.21,"$9,015,176",N,SALE OF LOT THAT WAS THEN SUBDIVIDED
N,1710,218,,2112 BAY VIEW AVE,1,10,,,ANNX,ANNX,,Normal,building-lot,2023-09-21,"$657,000",0.13,"$5,780,523",Y (2),NOT VALUED
N,1710,218,,2112 BAY VIEW AVE,1,10,,,ANNX,ANNX,,Normal,building-lot,2021-08-30,"$210,000",0.13,"$2,436,562",Y (2),NOT VALUED
N,1716,2459,,TWENTY-FOURTH AVE,1,10,,,ANNX,ANNX,,Normal,building-lot,2024-05-13,"$691,222",0.11,"$6,657,582",N,NOT VALUED
N,1719,2476,,253 TWENTY-FOURTH AVE,1,10,10,03,ANNX,ANNX,,Normal,building-lot,2022-11-08,"$720,000",0.11,"$8,266,691",N,NOT VALUED
N,1841.11,1.02,,17 PHEASANT DR,2,17,10,02,BYVL,R90,,Normal,pre-construction,2021-12-29,"$100,000",0.19,"$793,868",N,"VACANT LAND SALE PRIOR TO HOUSE BEING BUILT, LOT CREATED IN 2022"
Y,225,1,,217 GRAND CENTRAL PKWY,2,17,10,02,PNWD,R150,GRAND CENTRAL PKWY,Normal,pre-construction,2021-08-18,"$105,000",0.52,"$304,571",N,VACANT LAND BY CONSTRUCTION COMPANY PRIOR TO HOUSE BUILT
Y,241,4,,260 GRAND CENTRAL PKWY,1,10,,,PNWD,R150,GRAND CENTRAL PKWY,Normal,building-lot,2021-11-10,"$120,000",0.76,"$238,161",N,PRIOR VACANT LAND SALE 
N,243,1,,HOPEDALE DR,1,10,,,PNWD,R150,,Normal,building-lot,2026-03-16,"$575,000",1.38,"$416,667",N,
N,249,1,,187 GRAND CENTRAL PKWY,2,17,10,01,PNWD,R150,GRAND CENTRAL PKWY,Normal,pre-construction,2024-08-29,"$80,000",0.26,"$325,992",N,
N,249,10.01,,169 GRAND CENTRAL PKWY,2,17,10,02,PNWD,R150,GRAND CENTRAL PKWY,Normal,pre-construction,2023-11-06,"$145,000",0.46,"$360,541",N,
N,249,10.01,,169 GRAND CENTRAL PKWY,2,17,10,02,PNWD,R150,GRAND CENTRAL PKWY,Normal,pre-construction,2022-03-07,"$44,000",0.46,"$120,807",N,
N,25.01,3,,421 SECOND AVE,2,16,10,02,MNPK,MPR ,,Normal,pre-construction,2024-11-06,"$504,900",0.14,"$3,820,929",N,
N,261,1,,HOPEDALE DR,1,10,,,PNWD,R150,,Normal,building-lot,2025-12-15,"$990,000",1.03,"$961,165",N,
N,261,14,,COLUMBUS CIRCLE SW,1,10,,,PNWD,R150,,Normal,building-lot,2025-09-15,"$1,000",0.11,"$9,091",N,
N,262,12,,COLUMBUS CIRCLE SW,1,10,,,PNWD,R150,,Normal,building-lot,2025-12-15,"$990,000",0.34,"$2,911,765",N,
N,262,12,,COLUMBUS CIRCLE SW,1,10,,,PNWD,R150,,Normal,building-lot,2021-09-30,"$3,000",0.34,"$13,309",N,
N,262,18,,COLUMBUS CIRCLE SW,1,10,,,PNWD,R150,,Normal,building-lot,2025-12-15,"$990,000",0.17,"$5,823,529",N,
N,262,21,,COLUMBUS CIRCLE SW,1,10,,,PNWD,R150,,Normal,building-lot,2025-12-15,"$990,000",0.17,"$5,823,529",N,
N,262,3,,HOPEDALE DR,1,10,,,PNWD,R150,,Normal,building-lot,2026-03-16,"$575,000",0.95,"$605,263",N,
N,262,8,,COLUMBUS CIRCLE SW,1,10,,,PNWD,R150,,Normal,building-lot,2025-12-15,"$990,000",0.11,"$9,000,000",N,
N,266,15.01,,1 SPRING GARDEN ST,2,17,10,02,PNWD,R150,,Normal,pre-construction,2021-03-25,$100,0.34,$444,N,
N,267,28,,2 SPRING GARDEN ST,2,17,10,02,PNWD,R150,,Normal,pre-construction,2021-11-15,$100,0.34,$444,N,
N,280,5,,496 WOODHAVEN BLVD SE,2,17,10,02,PNWD,R150,,Normal,pre-construction,2022-03-01,"$132,000",0.45,"$370,471",N,
N,287,1,,COLUMBUS CIRCLE SW,1,10,,,PNWD,R150,,Normal,building-lot,2025-12-15,"$990,000",1.58,"$626,582",N,
N,287,22,,COLUMBUS CIRCLE SW,1,10,,,PNWD,R150,,Normal,building-lot,2025-12-15,"$990,000",0.15,"$6,600,000",N,
N,288,23,,COLUMBUS CIRCLE SW,1,10,,,PNWD,R150,,Normal,building-lot,2025-12-15,"$990,000",0.17,"$5,823,529",N,
N,29,996.02,,409 FIRST AVE,2,16,10,02,MNPK,MPR ,,Normal,pre-construction,2024-09-17,"$524,579",0.18,"$3,087,661",N,
N,29,996.03,,410 SECOND AVE,2,16,10,02,MNPK,MPR ,,Normal,pre-construction,2024-12-30,"$560,000",0.18,"$3,296,150",N,
N,29,996.03,,410 SECOND AVE,2,16,10,02,MNPK,MPR ,,Normal,pre-construction,2024-12-30,"$504,900",0.18,"$2,971,833",N,
N,29,996.04,,412 SECOND AVE,2,16,10,02,MNPK,MPR ,,Normal,pre-construction,2024-11-19,"$520,375",0.14,"$3,938,036",N,
N,30,26,,56 FIRST AVE,1,10,,,MNPK,MPR ,,Normal,building-lot,2024-05-10,$500,0.09,"$5,889",N,
N,30,5,,4 FIRST AVE,2,17,10,02,MNPK,MPR ,,Normal,pre-construction,2021-10-07,"$57,500",0.14,"$619,500",N,
N,30,8,,20 FIRST AVE,2,17,10,02,MNPK,MPR ,,Normal,pre-construction,2021-05-18,"$72,000",0.14,"$775,721",N,
N,30,8,,20 FIRST AVE,2,17,10,02,MNPK,MPR ,,Normal,pre-construction,2021-05-18,"$72,000",0.14,"$775,721",N,
N,30,923,,258 FIRST AVE,2,17,10,03,MNPK,MPR ,,Normal,pre-construction,2022-11-28,"$110,000",0.23,"$604,026",N,
N,30,953.05,,408 FIRST AVE,2,16,10,02,MNPK,MPR ,,Normal,pre-construction,2024-09-17,"$600,000",0.14,"$4,540,614",N,
N,30,953.05,,408 FIRST AVE,2,16,10,02,MNPK,MPR ,,Normal,pre-construction,2024-09-17,"$499,900",0.14,"$3,783,086",N,
N,313,7,,KINGS HWY,1,10,,,PNWD,R400  ,,Normal,building-lot,2021-06-22,"$125,000",0.96,"$196,400",N,
N,315,5.01,,131 FLORAL COURT,2,17,10,02,PNWD,R400  ,,Normal,pre-construction,2023-08-29,"$699,000",0.72,"$1,110,426",N,
N,315,5.01,,131 FLORAL COURT,2,17,10,02,PNWD,R400  ,,Normal,pre-construction,2022-11-08,$100,0.72,$175,N,
N,315,5.01,,131 FLORAL COURT,2,17,10,02,PNWD,R400  ,,Normal,pre-construction,2022-07-26,$100,0.72,$175,N,
N,315,5.01,,131 FLORAL COURT,2,17,10,02,PNWD,R400  ,,Normal,pre-construction,2021-06-25,"$37,500",0.72,"$78,560",N,
N,33,1008.01,,403 FIRST AVE,2,16,10,02,MNPK,MPR ,,Normal,pre-construction,2024-10-08,"$532,675",0.23,"$2,453,726",N,
N,330,1,,503 WOODHAVEN BLVD SE,1,17,10,02,PNWD,R150,,Normal,building-lot,2025-04-29,"$185,000",0.3,"$616,667",N,
N,330,1,,503 WOODHAVEN BLVD SE,1,17,10,02,PNWD,R150,,Normal,building-lot,2025-04-01,"$40,000",0.3,"$133,333",N,
N,330,2.01,,501 WOODHAVEN BLVD. SE,2,17,10,02,PNWD,R150,,Normal,pre-construction,2021-10-19,"$127,500",0.47,"$409,179",N,
N,330,2.02,,499 WOODHAVEN BLVD SE,2,17,10,02,PNWD,R150,,Normal,pre-construction,2021-10-12,"$127,500",0.56,"$343,418",N,
N,332,6,,HANCOCK AVE,1,10,,,PNWD,R150,,Normal,building-lot,2021-03-15,"$20,000",0.34,"$88,726",N,
N,339,5.01,,522 ASTOR PL,1,10,,,PNWD,R150,,Normal,building-lot,2023-11-08,"$240,000",1.29,"$212,798",N,
N,340,18,,353 GRAND CENTRAL PKWY,2,17,10,02,PNWD,R150,GRAND CENTRAL PKWY,Normal,pre-construction,2023-11-08,"$240,000",0.57,"$481,595",N,
N,344,13,,533 ASTOR PL,2,17,10,02,PNWD,R150,,Normal,pre-construction,2024-02-06,"$139,000",0.39,"$377,608",N,
N,349,11.01,,571 COPLEY PL,2,17,10,02,PNWD,R150,,Normal,pre-construction,2022-02-10,$100,0.34,$371,N,
N,351,3,,WEST END AVE,1,10,,,PNWD,R150,,Normal,building-lot,2022-07-19,"$27,400",0.36,"$96,125",N,
N,351,5,,ASTOR PL,1,10,,,PNWD,R150,,Normal,building-lot,2022-07-19,"$27,400",0.43,"$80,477",N,
N,379,6,,408 CUMBERLAND AVE,2,17,10,02,PNWD,R150,,Normal,pre-construction,2021-03-25,$100,0.16,$944,N,
N,382,12,,TAYLOR ST,1,10,,,PNWD,R150,,Normal,building-lot,2024-09-27,"$45,000",0.34,"$140,224",N,
N,391,3,,FARROW DR,1,10,,,PNWD,R150,,Normal,building-lot,2025-06-16,$500,0.14,"$3,571",N,
N,392,8.01,,326 TAYLOR ST,2,17,10,02,PNWD,R150,,Normal,pre-construction,2021-12-10,"$60,000",0.34,"$266,179",N,
N,393,12,,TAYLOR ST,1,10,,,PNWD,R150,,Normal,building-lot,2024-10-04,"$52,000",0.34,"$162,038",N,
N,403,18.01,,432 VIRGINIA AVE,2,17,10,02,PNWD,R150,,Normal,pre-construction,2022-04-28,$100,0.34,$371,N,
N,404,5.01,,431 VIRGINIA AVE,2,17,10,02,PNWD,R150,,Normal,pre-construction,2022-04-28,$100,0.53,$238,N,
N,407,1,,434 FALKENBERG DR,2,17,10,02,PNWD,R150,,Normal,pre-construction,2023-05-04,$100,0.55,$207,N,
N,407,1,,434 FALKENBERG DR,2,17,10,02,PNWD,R150,,Normal,pre-construction,2021-04-28,"$100,000",0.55,"$274,245",N,
N,407,5.02,,314 SEABROOK AVE,2,17,10,02,PNWD,R150,,Normal,pre-construction,2023-03-16,$100,0.34,$335,N,
N,407,5.02,,314 SEABROOK AVE,2,17,10,02,PNWD,R150,,Normal,pre-construction,2021-04-28,"$100,000",0.34,"$443,632",N,
N,407,5.02,,314 SEABROOK AVE,2,17,10,02,PNWD,R150,,Normal,pre-construction,2021-04-28,"$100,000",0.34,"$443,632",N,
N,407,5.03,,316 SEABROOK AVE,2,17,10,02,PNWD,R150,,Normal,pre-construction,2023-03-16,$100,0.41,$278,N,
N,407,5.03,,316 SEABROOK AVE,2,17,10,02,PNWD,R150,,Normal,pre-construction,2021-04-28,"$100,000",0.41,"$367,890",N,
N,407,5.03,,316 SEABROOK AVE,2,17,10,02,PNWD,R150,,Normal,pre-construction,2021-04-28,"$100,000",0.41,"$367,890",N,
N,41,128.01,,234 THIRD AVE,2,16,10,02,MNPK,MPR ,,Normal,pre-construction,2022-02-28,"$430,000",0.14,"$3,879,114",N,
N,42,105.03,,243 FIRST AVE,2,17,10,05,MNPK,MPR ,,Normal,pre-construction,2024-05-13,"$160,000",0.23,"$737,026",N,
N,423,9,,SEABROOK AVE,1,10,,,PNWD,R150,,Normal,building-lot,2023-09-20,$200,0.17,"$1,347",N,
N,423,9,,SEABROOK AVE,1,10,,,PNWD,R150,,Normal,building-lot,2023-07-30,$200,0.17,"$1,347",N,
N,423,9,,SEABROOK AVE,1,10,,,PNWD,R150,,Normal,building-lot,2023-06-29,$200,0.17,"$1,347",N,
N,423,9,,SEABROOK AVE,1,10,,,PNWD,R150,,Normal,building-lot,2023-05-26,$200,0.17,"$1,347",N,
N,424,11.01,,313 SEABROOK AVE,2,17,10,02,PNWD,R150,,Normal,pre-construction,2023-05-08,$100,0.23,$496,N,
N,46,112.01,,232 SECOND AVE,2,17,10,02,MNPK,MPR ,,Normal,pre-construction,2021-01-13,$100,0.14,"$1,079",N,
N,46,112.02,,234 SECOND AVE,2,17,10,02,MNPK,MPR ,,Normal,pre-construction,2021-01-13,$100,0.14,"$1,079",N,
N,476,16,,369 HAYES AVE,2,17,10,02,PNWD,R125,,Normal,pre-construction,2022-11-30,"$610,000",0.34,"$2,265,912",N,
N,476,16,,369 HAYES AVE,2,17,10,02,PNWD,R125,,Normal,pre-construction,2022-01-03,"$123,600",0.34,"$459,126",N,
N,479,12.01,,295 COOLIDGE AVE,2,17,10,02,PNWD,R125,,Normal,pre-construction,2023-03-17,"$160,000",0.34,"$538,253",N,
N,479,12.01,,295 COOLIDGE AVE,2,17,10,02,PNWD,R125,,Normal,pre-construction,2022-06-02,$100,0.34,$371,N,
N,479,12.01,,295 COOLIDGE AVE,2,17,10,02,PNWD,R125,,Normal,pre-construction,2022-06-02,$100,0.34,$371,N,
N,479,3,,303 COOLIDGE AVE,2,17,10,02,PNWD,R125,,Normal,pre-construction,2023-03-17,"$150,000",0.43,"$398,995",N,
N,479,3,,303 COOLIDGE AVE,2,17,10,02,PNWD,R125,,Normal,pre-construction,2022-06-17,$100,0.43,$293,N,
N,479,8,,299 COOLIDGE AVE,2,17,10,02,PNWD,R125,,Normal,pre-construction,2023-03-19,"$150,000",0.34,"$504,612",N,
N,479,8,,299 COOLIDGE AVE,2,17,10,02,PNWD,R125,,Normal,pre-construction,2021-12-10,$100,0.34,$444,N,
N,487,1,,302 COOLIDGE AVE,2,17,10,02,PNWD,R125,,Normal,pre-construction,2023-03-22,"$150,000",0.34,"$504,612",N,
N,487,11.01,,296 COOLIDGE AVE,2,17,10,02,PNWD,R125,,Normal,pre-construction,2023-09-21,"$185,000",0.34,"$622,356",N,
N,487,7,,298 COOLIDGE AVE,2,17,10,02,PNWD,R125,,Normal,pre-construction,2023-03-22,"$150,000",0.34,"$504,612",N,
N,50,106,,209 FIRST AVE,1,10,,,MNPK,MPR,,Normal,building-lot,2025-11-11,"$15,000",0.23,"$65,217",N,
N,504,18,,AMSTERDAM AVE,1,10,,,PNWD,R125,,Normal,building-lot,2023-05-10,"$85,000",0.55,"$176,767",N,
N,52,716,,27 SEVENTH ST,2,17,10,03,MNPK,MPR ,,Normal,pre-construction,2023-02-21,"$110,000",0.28,"$449,346",N,
N,520,1.04,,371 MC KINLEY AVE,2,17,10,02,PNWD,R125,,Normal,pre-construction,2021-10-06,"$480,000",0.23,"$3,147,857",N,
N,529,14,,384 MCKINLEY AVE,1,18,10,02,PNWD,R125,,Normal,building-lot,2022-09-08,"$169,900",0.6,"$357,630",N,
N,529,14,,384 MCKINLEY AVE,1,18,10,02,PNWD,R125,,Normal,building-lot,2021-11-01,"$159,900",0.6,"$401,975",N,
N,529,9,,393 HOOVER AVE,2,17,10,02,PNWD,R125,,Normal,pre-construction,2022-06-29,$100,0.17,$741,N,
N,533,4,,HOOVER AVE,1,10,,,PNWD,R125,,Normal,building-lot,2025-12-02,"$1,250",0.11,"$11,364",N,
N,533,4,,HOOVER AVE,1,10,,,PNWD,R125,,Normal,building-lot,2025-12-02,"$1,250",0.11,"$11,364",N,
N,533,4,,HOOVER AVE,1,10,,,PNWD,R125,,Normal,building-lot,2025-11-14,"$1,250",0.11,"$11,364",N,
N,533,4,,HOOVER AVE,1,10,,,PNWD,R125,,Normal,building-lot,2025-11-13,"$1,250",0.11,"$11,364",N,
N,545,8,,421 ROLAND AVE,1,18,10,02,PNWD,R125,,Normal,building-lot,2025-04-29,"$199,000",0.34,"$585,294",N,
N,545,8,,421 ROLAND AVE,1,18,10,02,PNWD,R125,,Normal,building-lot,2025-02-27,"$120,000",0.34,"$352,941",N,
N,557,9,,471 HARDING AVE,1,10,,,PNWD,R150,,Normal,building-lot,2021-03-30,"$27,500",0.34,"$122,000",N,
N,558,1.01,,487 HARDING AVE,2,17,10,02,PNWD,R150,,Normal,pre-construction,2023-08-14,"$135,000",0.4,"$386,028",N,
N,563,12,,498 HARDING AVE,1,17,10,02,PNWD,R150,,Normal,building-lot,2023-08-14,"$135,000",0.46,"$335,676",N,
N,563,45,,486 HARDING AVE,2,17,10,02,PNWD,R150,,Normal,pre-construction,2023-08-14,"$125,000",0.34,"$420,509",N,
N,564,5,,323 NOLAN AVE,2,17,10,02,PNWD,R150,,Normal,pre-construction,2022-02-22,"$650,000",0.55,"$1,492,596",N,
N,564,5,,323 NOLAN AVE,2,17,10,02,PNWD,R150,,Normal,pre-construction,2021-07-09,"$110,000",0.55,"$301,669",N,
N,564,7,,319 NOLAN AVE,2,17,10,02,PNWD,R150,,Normal,pre-construction,2021-10-04,"$125,000",0.28,"$673,371",N,
N,564,7,,319 NOLAN AVE,2,17,10,02,PNWD,R150,,Normal,pre-construction,2021-09-23,$100,0.28,$539,N,
N,569,13.01,,497 BALDWIN AVE,2,17,10,02,PNWD,R150,,Normal,pre-construction,2021-01-13,$100,0.11,"$1,373",N,
N,57,485,,120 THIRD AVE,2,17,10,02,MNPK,MPR ,,Normal,pre-construction,2021-07-22,"$72,000",0.14,"$775,721",N,
N,57,485,,120 THIRD AVE,2,17,10,02,MNPK,MPR ,,Normal,pre-construction,2021-07-22,"$72,000",0.14,"$775,721",N,
N,57,485,,120 THIRD AVE,2,17,10,02,MNPK,MPR ,,Normal,pre-construction,2021-07-22,"$72,000",0.14,"$775,721",N,
N,57,488,,122 THIRD AVE,2,17,10,02,MNPK,MPR ,,Normal,pre-construction,2021-07-22,"$72,000",0.14,"$775,721",N,
N,57,488,,122 THIRD AVE,2,17,10,02,MNPK,MPR ,,Normal,pre-construction,2021-01-13,$100,0.14,"$1,079",N,
N,571,12.01,,449 NIXON AVE,2,17,10,02,PNWD,R125,,Normal,pre-construction,2021-03-25,$100,0.11,"$1,373",N,
N,575,31,,432 NIXON AVE,2,17,10,02,PNWD,R125,,Normal,pre-construction,2021-03-10,"$75,250",0.29,"$391,390",N,
N,579,10,,423 BAKER AVE,2,17,10,02,PNWD,R125,,Normal,pre-construction,2023-09-12,$100,0.29,$393,N,
N,579,34,,MELANIE AVE,1,10,,,PNWD,R125,,Normal,building-lot,2024-03-22,"$60,000",0.4,"$158,923",N,
N,584,36.01,,428 BAKER AVE,2,17,10,02,PNWD,R125,,Normal,pre-construction,2024-09-30,$100,0.23,$461,N,
N,584,36.01,,428 BAKER AVE,2,17,10,02,PNWD,R125,,Normal,pre-construction,2023-12-07,$100,0.23,$496,N,
N,584,40.01,,424 BAKER AVE,2,17,10,02,PNWD,R125,,Normal,pre-construction,2023-09-07,$100,0.23,$496,N,
N,584,40.01,,424 BAKER AVE,2,17,10,02,PNWD,R125,,Normal,pre-construction,2021-11-08,$100,0.23,$657,N,
N,585,11,,449 FREMONT AVE,2,17,10,02,PNWD,R150,,Normal,pre-construction,2024-09-05,"$160,000",0.34,"$498,576",N,
N,585,37.01,,450 BAKER AVE,1,16,10,03,PNWD,R150,,Normal,building-lot,2021-09-03,"$59,000",0.57,"$156,128",N,
N,585,5,,443 FREMONT AVE,2,17,10,02,PNWD,R150,,Normal,pre-construction,2024-09-03,"$160,000",0.34,"$498,576",N,
N,589,6.01,,371 BRICK AVE,1,10,,,PNWD,R125,,Normal,building-lot,2023-10-31,"$85,000",0.34,"$285,947",N,
N,590,13.01,,450 FREMONT AVE,2,17,10,02,PNWD,R150,,Normal,pre-construction,2024-10-18,"$160,000",0.34,"$498,576",N,
N,590,13.01,,450 FREMONT AVE,2,17,10,02,PNWD,R150,,Normal,pre-construction,2022-11-23,$100,0.34,$371,N,
N,590,39,,448 FREMONT AVE,2,17,10,02,PNWD,R150,,Normal,pre-construction,2024-08-16,"$125,000",0.34,"$389,515",N,
N,599,1.01,,509 VERNON PL,2,18,10,02,PNWD,CR,,Normal,pre-construction,2021-03-05,"$99,000",0.69,"$216,416",N,
N,599,1.01,,509 VERNON PL,2,18,10,02,PNWD,CR,,Normal,pre-construction,2021-03-02,$100,0.69,$219,N,
N,599,21.02,,513 VERNON PL,2,17,10,02,PNWD,CR,,Normal,pre-construction,2021-03-05,"$99,000",1.03,"$144,978",N,
N,603,13.01,,CLEVELAND AVE,1,10,,,PNWD,CR,,Normal,building-lot,2022-03-14,$100,0.86,$147,N,
N,603,20.01,,482 NOLAN AVE,2,17,10,02,PNWD,CR,,Normal,pre-construction,2022-01-18,"$600,000",0.34,"$2,228,765",N,
N,603,20.01,,482 NOLAN AVE,2,17,10,02,PNWD,CR,,Normal,pre-construction,2021-01-26,"$99,000",0.34,"$439,197",N,
N,606,3.01,,443 WESTERN BLVD,1,17,10,02,PNWD,R150,WESTERN BLVD,Normal,building-lot,2025-02-04,$100,0.11,$909,N,
N,606,3.01,,443 WESTERN BLVD,1,17,10,02,PNWD,R150,WESTERN BLVD,Normal,building-lot,2024-05-28,$100,0.11,$964,N,
N,606,3.01,,443 WESTERN BLVD,1,17,10,02,PNWD,R150,WESTERN BLVD,Normal,building-lot,2021-02-02,$100,0.11,"$1,373",N,
N,67,251,,76 SECOND AVE,1,10,,,MNPK,MPR ,,Normal,building-lot,2025-05-19,"$13,125",0.09,"$145,833",N,
N,674,7,,VIRGINIA AVE,1,10,,,PNWD,R125,,Normal,building-lot,2022-05-27,"$55,000",0.34,"$204,303",N,
N,675,14.01,,331 ARLINGTON AVE,2,17,10,02,PNWD,R125,,Normal,pre-construction,2021-04-16,"$120,000",0.34,"$532,359",N,
N,675,22,,329 ARLINGTON AVE N,1,10,,,PNWD,R125,,Normal,building-lot,2022-03-16,"$88,000",0.34,"$326,885",N,
N,688,26.01,,293 TRENTON AVE NORTH,1,16,10,02,PNWD,R125,,Normal,building-lot,2024-11-04,$100,0.17,$624,N,
N,688,26.01,,293 TRENTON AVE NORTH,1,16,10,02,PNWD,R125,,Normal,building-lot,2024-05-11,"$35,000",0.17,"$218,129",N,
N,690,13,,330 ARLINGTON AVE,2,17,10,02,PNWD,R125,,Normal,pre-construction,2021-04-16,"$120,000",0.34,"$532,359",N,
N,690,21.01,,324 ARLINGTON AVE,1,10,10,02,PNWD,R125,,Normal,building-lot,2022-06-02,$100,0.34,$371,N,
N,70,606,,45 THIRD AVE,2,17,10,02,MNPK,MPR ,,Normal,pre-construction,2022-11-04,"$35,000",0.14,"$315,743",N,
N,70,646,,FOURTH AVE,1,10,,,MNPK,MPR ,,Normal,building-lot,2026-05-02,"$4,000",0.46,"$8,696",N,
N,70,646,,FOURTH AVE,1,10,,,MNPK,MPR ,,Normal,building-lot,2025-12-24,"$7,000",0.46,"$15,217",N,
N,70,646,,FOURTH AVE,1,10,,,MNPK,MPR ,,Normal,building-lot,2025-11-26,"$4,500",0.46,"$9,783",N,
N,70,646,,FOURTH AVE,1,10,,,MNPK,MPR ,,Normal,building-lot,2025-11-07,"$4,000",0.46,"$8,696",N,
N,700,1.01,,522 ARLINGTON AVE S,2,17,10,02,PNWD,R150,,Normal,pre-construction,2021-08-23,$100,0.34,$444,N,
N,703,29,,304 TRENTON AVE NORTH,2,17,10,02,PNWD,R125,,Normal,pre-construction,2021-03-26,"$520,000",0.34,"$2,306,885",N,
N,707,29,,370 TRENTON AVE N,2,17,10,02,PNWD,R125,,Normal,pre-construction,2022-03-17,"$145,000",0.34,"$538,618",N,
N,707,29,,370 TRENTON AVE N,2,17,10,02,PNWD,R125,,Normal,pre-construction,2022-02-16,"$6,490",0.34,"$24,109",N,
N,713,32,,495 CLIFTON AVE,2,17,10,02,PNWD,R150,,Normal,pre-construction,2022-06-09,"$160,000",0.34,"$594,338",N,
N,713,32,,495 CLIFTON AVE,2,17,10,02,PNWD,R150,,Normal,pre-construction,2021-05-07,"$115,000",0.34,"$510,176",N,
N,713,40.01,,491 CLIFTON AVE,2,17,10,02,PNWD,R150,,Normal,pre-construction,2022-06-09,"$165,000",0.34,"$612,912",N,
N,72,191,,35 FIRST AVE,2,17,10,02,MNPK,MPR ,,Normal,pre-construction,2021-12-09,"$78,500",0.23,"$514,804",N,
N,729,21,,259 NOLAN  AVE,2,17,10,08,PNWD,R150,,Normal,pre-construction,2021-06-08,"$192,500",0.28,"$1,036,989",N,
N,74,833.01,,17 FOURTH AVE,2,17,10,02,MNPK,MPR ,,Normal,pre-construction,2023-02-21,"$439,900",0.16,"$3,144,700",N,
N,749,15.01,,389 SOUTHERN BLVD,1,16,10,02,PNWD,R150,,Normal,building-lot,2024-09-17,"$600,000",0.36,"$1,765,794",N,
N,749,24,,COYNE AVE,1,10,,,PNWD,R150,,Normal,building-lot,2024-04-03,"$1,000",0.36,"$2,942",N,
N,749,25.01,,391 SOUTHERN BLVD,1,16,10,02,PNWD,R150,,Normal,building-lot,2024-09-17,"$600,000",0.36,"$1,765,794",N,
N,749,35.01,,393 SOUTHERN BLVD,1,10,10,02,PNWD,R150,,Normal,building-lot,2024-09-17,"$600,000",0.34,"$1,869,665",N,
N,759,31.01,,397 SOUTHERN BLVD,1,12,10,02,PNWD,R150,,Normal,building-lot,2024-09-17,"$600,000",0.36,"$1,765,794",N,
N,759,41.01,,395 SOUTHERN BLVD,1,16,10,02,PNWD,R150,,Normal,building-lot,2024-09-17,"$600,000",0.36,"$1,765,794",N,
N,76,430.01,,22 THIRD AVE,2,17,10,02,MNPK,MPR ,,Normal,pre-construction,2023-03-23,"$80,000",0.14,"$653,593",N,
N,791,18,,EGENOLF PL,1,10,,,PNWD,R150,,Normal,building-lot,2025-07-07,"$6,500",0.69,"$9,420",N,
N,791,18,,EGENOLF PL,1,10,,,PNWD,R150,,Normal,building-lot,2025-07-01,"$6,500",0.69,"$9,420",N,
N,791,18,,EGENOLF PL,1,10,,,PNWD,R150,,Normal,building-lot,2025-05-19,"$1,000",0.69,"$1,449",N,
N,791,18,,EGENOLF PL,1,10,,,PNWD,R150,,Normal,building-lot,2025-05-02,"$13,000",0.69,"$18,841",N,
N,791,18,,EGENOLF PL,1,10,,,PNWD,R150,,Normal,building-lot,2025-03-24,"$2,000",0.69,"$2,899",N,
N,791,33.01,,BERKELEY AVE,1,10,,,PNWD,R150,,Normal,building-lot,2025-03-25,"$24,800",0.34,"$72,941",N,
N,791,33.01,,BERKELEY AVE,1,10,,,PNWD,R150,,Normal,building-lot,2024-09-11,"$6,200",0.34,"$19,321",N,
N,791,4,,SOUTHERN BLVD,1,10,,,PNWD,R150,,Normal,building-lot,2025-07-07,"$6,500",0.4,"$16,250",N,
N,791,4,,SOUTHERN BLVD,1,10,,,PNWD,R150,,Normal,building-lot,2025-07-01,"$6,500",0.4,"$16,250",N,
N,791,4,,SOUTHERN BLVD,1,10,,,PNWD,R150,,Normal,building-lot,2025-05-19,"$1,000",0.4,"$2,500",N,
N,791,4,,SOUTHERN BLVD,1,10,,,PNWD,R150,,Normal,building-lot,2025-05-02,"$13,000",0.4,"$32,500",N,
N,791,4,,SOUTHERN BLVD,1,10,,,PNWD,R150,,Normal,building-lot,2025-03-24,"$2,000",0.4,"$5,000",N,
N,792,1.01,,234 GRANT CONCOURSE,2,17,10,02,PNWD,R150,,Normal,pre-construction,2024-10-31,"$235,850",0.34,"$734,935",N,
N,792,1.01,,234 GRANT CONCOURSE,2,17,10,02,PNWD,R150,,Normal,pre-construction,2022-01-05,"$150,000",0.34,"$557,191",N,
N,792,1.01,,234 GRANT CONCOURSE,2,17,10,02,PNWD,R150,,Normal,pre-construction,2021-12-14,$100,0.34,$444,N,
N,792,13,,562 EGENOLF PL,2,17,10,02,PNWD,R150,,Normal,pre-construction,2022-04-01,"$118,800",0.46,"$326,174",N,
N,793,1.07,,233 GRANT CONCOURSE,2,17,10,02,PNWD,R150,,Normal,pre-construction,2022-02-18,"$135,000",0.34,"$501,474",N,
N,794,11.01,,610 EVERNHAM AVE,2,17,10,02,PNWD,R150,,Normal,pre-construction,2022-01-11,$100,0.2,$630,N,
N,794,11.01,,610 EVERNHAM AVE,2,17,10,02,PNWD,R150,,Normal,pre-construction,2021-06-02,$100,0.2,$755,N,
N,796,27.01,,671 BERKELEY AVE,1,10,,,PNWD,CR,,Normal,building-lot,2024-08-07,$100,0.13,$815,N,
N,796,27.01,,671 BERKELEY AVE,1,10,,,PNWD,CR,,Normal,building-lot,2024-02-15,$400,0.13,"$3,262",N,
N,796,27.01,,671 BERKELEY AVE,1,10,,,PNWD,CR,,Normal,building-lot,2024-01-17,$800,0.13,"$6,523",N,
N,796,27.01,,671 BERKELEY AVE,1,10,,,PNWD,CR,,Normal,building-lot,2023-10-04,$800,0.13,"$7,038",N,
N,796,27.01,,671 BERKELEY AVE,1,10,,,PNWD,CR,,Normal,building-lot,2023-09-13,$800,0.13,"$7,038",N,
N,798,21,,FARRELLY AVE,1,10,,,PNWD,R400  ,,Normal,building-lot,2025-07-07,"$6,500",0.34,"$19,118",N,
N,798,21,,FARRELLY AVE,1,10,,,PNWD,R400  ,,Normal,building-lot,2025-07-01,"$6,500",0.34,"$19,118",N,
N,798,21,,FARRELLY AVE,1,10,,,PNWD,R400  ,,Normal,building-lot,2025-05-19,"$1,000",0.34,"$2,941",N,
N,798,21,,FARRELLY AVE,1,10,,,PNWD,R400  ,,Normal,building-lot,2025-05-02,"$13,000",0.34,"$38,235",N,
N,798,21,,FARRELLY AVE,1,10,,,PNWD,R400  ,,Normal,building-lot,2025-03-24,"$2,000",0.34,"$5,882",N,
N,798,33,,NOBLE AVE,1,10,,,PNWD,R400  ,,Normal,building-lot,2025-07-07,"$6,500",0.69,"$9,420",N,
N,798,33,,NOBLE AVE,1,10,,,PNWD,R400  ,,Normal,building-lot,2025-07-01,"$6,500",0.69,"$9,420",N,
N,798,33,,NOBLE AVE,1,10,,,PNWD,R400  ,,Normal,building-lot,2025-05-19,"$1,000",0.69,"$1,449",N,
N,798,33,,NOBLE AVE,1,10,,,PNWD,R400  ,,Normal,building-lot,2025-05-02,"$13,000",0.69,"$18,841",N,
N,798,33,,NOBLE AVE,1,10,,,PNWD,R400  ,,Normal,building-lot,2025-03-24,"$2,000",0.69,"$2,899",N,
N,799,34,,NOBLE AVE,1,10,,,PNWD,R400  ,,Normal,building-lot,2025-07-07,"$6,500",0.34,"$19,118",N,
N,799,34,,NOBLE AVE,1,10,,,PNWD,R400  ,,Normal,building-lot,2025-07-01,"$6,500",0.34,"$19,118",N,
N,799,34,,NOBLE AVE,1,10,,,PNWD,R400  ,,Normal,building-lot,2025-05-19,"$1,000",0.34,"$2,941",N,
N,799,34,,NOBLE AVE,1,10,,,PNWD,R400  ,,Normal,building-lot,2025-05-02,"$13,000",0.34,"$38,235",N,
N,799,34,,NOBLE AVE,1,10,,,PNWD,R400  ,,Normal,building-lot,2025-03-24,"$2,000",0.34,"$5,882",N,
N,805,25,,PRESBREY AVE,1,10,,,PNWD,R400  ,,Normal,building-lot,2025-07-07,"$6,500",0.69,"$9,420",N,
N,805,25,,PRESBREY AVE,1,10,,,PNWD,R400  ,,Normal,building-lot,2025-07-01,"$6,500",0.69,"$9,420",N,
N,805,25,,PRESBREY AVE,1,10,,,PNWD,R400  ,,Normal,building-lot,2025-05-19,"$1,000",0.69,"$1,449",N,
N,805,25,,PRESBREY AVE,1,10,,,PNWD,R400  ,,Normal,building-lot,2025-05-02,"$13,000",0.69,"$18,841",N,
N,805,25,,PRESBREY AVE,1,10,,,PNWD,R400  ,,Normal,building-lot,2025-03-24,"$2,000",0.69,"$2,899",N,
N,824,1.01,,10 ROUTE 9,1,00,,,COMM,TC1,,Normal,building-lot,2022-05-09,"$625,000",0.41,"$1,925,254",N,
N,825.02,8,,12 GLADNEY AVE,1,10,,,COMM,TC1,,Normal,building-lot,2021-09-09,"$140,000",1.37,"$154,138",N,
N,837.03,7.05,,26 DAHLIA CT.,1,17,10,02,BYVL,R90,,Normal,building-lot,2025-06-20,"$1,590,000",0.21,"$7,571,429",N,
N,837.03,7.06,,24 DAHLIA CT.,1,17,10,02,BYVL,R90,,Normal,building-lot,2025-03-31,"$1,590,000",0.21,"$7,571,429",N,
N,837.03,7.07,,22 DAHLIA CT.,2,17,10,02,BYVL,R90,,Normal,pre-construction,2025-03-31,"$1,590,000",0.21,"$7,571,429",N,
N,837.03,7.08,,20 DAHLIA CT.,1,17,10,02,BYVL,R90,,Normal,building-lot,2025-03-31,"$1,590,000",0.22,"$7,227,273",N,
N,837.03,7.09,,18 DAHLIA CT.,1,17,10,02,BYVL,R90,,Normal,building-lot,2025-06-20,"$1,590,000",0.22,"$7,227,273",N,
N,837.03,7.10,,16 DAHLIA CT.,1,17,10,02,BYVL,R90,,Normal,building-lot,2025-06-20,"$1,590,000",0.22,"$7,227,273",N,
N,837.03,7.11,,14 DAHLIA CT.,1,17,10,02,BYVL,R90,,Normal,building-lot,2025-06-20,"$1,590,000",0.21,"$7,571,429",N,
N,837.03,7.12,,12 DAHLIA CT.,1,17,10,02,BYVL,R90,,Normal,building-lot,2025-06-20,"$1,590,000",0.21,"$7,571,429",N,
N,837.03,7.13,,10 DAHLIA CT.,1,17,10,02,BYVL,R90,,Normal,building-lot,2025-07-08,"$3,180,000",0.21,"$15,142,857",N,
N,837.03,7.14,,8 DAHLIA CT.,1,17,10,02,BYVL,R90,,Normal,building-lot,2025-07-08,"$3,180,000",0.21,"$15,142,857",N,
N,837.03,7.15,,6 DAHLIA CT.,1,17,10,02,BYVL,R90,,Normal,building-lot,2025-07-08,"$3,180,000",0.21,"$15,142,857",N,
N,837.03,7.16,,4 DAHLIA CT.,1,17,10,02,BYVL,R90,,Normal,building-lot,2025-07-08,"$3,180,000",0.45,"$7,066,667",N,
N,837.03,7.17,,2 DAHLIA CT.,1,17,10,02,BYVL,R90,,Normal,building-lot,2025-07-08,"$3,180,000",0.42,"$7,571,429",N,
N,837.03,7.21,,7 DAHLIA CT.,1,17,10,02,BYVL,R90,,Normal,building-lot,2025-07-08,"$3,180,000",0.21,"$15,142,857",N,
N,837.03,7.22,,9 DAHLIA CT.,1,17,10,02,BYVL,R90,,Normal,building-lot,2025-07-08,"$3,180,000",0.21,"$15,142,857",N,
N,837.03,7.23,,11 DAHLIA CT.,1,17,10,02,BYVL,R90,,Normal,building-lot,2025-07-08,"$3,180,000",0.21,"$15,142,857",N,
N,837.03,7.25,,15 DAHLIA CT.,1,17,10,02,BYVL,R90,,Normal,building-lot,2025-06-20,"$1,590,000",0.21,"$7,571,429",N,
N,837.03,7.26,,17 DAHLIA CT.,2,17,10,02,BYVL,R90,,Normal,pre-construction,2025-03-31,"$1,590,000",0.21,"$7,571,429",N,
N,837.03,7.27,,19 DAHLIA CT.,1,17,10,02,BYVL,R90,,Normal,building-lot,2025-03-31,"$1,590,000",0.21,"$7,571,429",N,
N,837.03,7.28,,21 DAHLIA CT.,2,17,10,02,BYVL,R90,,Normal,pre-construction,2025-03-31,"$1,590,000",0.21,"$7,571,429",N,
N,840,24,,12 PINE TREE DR,2,17,10,02,BYVL,R90,COMM,Normal,pre-construction,2023-10-13,"$110,000",0.22,"$571,895",N,
N,858,27.04,,12 HICKORY LN,1,10,,,COMM,HB,,Normal,building-lot,2022-06-07,"$280,000",1.03,"$343,330",N,
N,858,27.04,,12 HICKORY LN,1,10,,,COMM,HB,,Normal,building-lot,2022-04-08,"$25,000",1.03,"$30,654",N,
N,858,27.04,,12 HICKORY LN,1,10,,,COMM,HB,,Normal,building-lot,2022-04-12,"$25,000",1.03,"$30,654",N,
N,858,27.21,,11 ALLARD RD,1,10,,80,COMM,HB,,Normal,building-lot,2022-04-12,"$25,000",1.71,"$18,464",N,
N,858,32.06,,7 KEVIN COURT,2,17,10,02,BYVL,R200,,Normal,pre-construction,2022-05-11,"$552,840",0.33,"$2,115,815",N,
N,880,6,,121 MERION AVE,2,18,10,02,RVBK,R200,,Normal,pre-construction,2021-12-22,"$200,000",0.94,"$320,926",N,
N,882,9.03,,J F K BLVD,1,10,,,RVBK,R200,,Normal,building-lot,2022-12-15,"$145,000",1.24,"$147,685",N,
N,915,29,,CUMBERLAND AVE,1,10,,,PNWD,R125,,Normal,building-lot,2023-12-07,"$25,000",0.23,"$124,326",N,
N,918,15.01,,168 STATION RD,2,17,10,02,PNWD,R125,STATION RD,Normal,pre-construction,2023-03-13,"$125,000",0.29,"$493,010",N,
N,939,19.17,,12 PRAIRIE LN,2,16,10,02,BYVL,R200,,Normal,pre-construction,2021-06-28,"$409,900",0.44,"$1,405,164",N,
N,956,24.01,,1 POTTERS CT,1,17,10,02,PNWD,R125,,Normal,building-lot,2025-03-27,"$858,000",0,,N,
N,956,24.07,,2 POTTERS CT,1,18,10,02,PNWD,R125,,Normal,building-lot,2025-03-27,"$858,000",0,,N,
N,975.02,1,,199 NOLAN AVE,1,10,00,00,PNWD,R150,,Normal,building-lot,2023-02-15,"$450,000",0,,N,
N,975.02,1,,199 NOLAN AVE,1,10,00,00,PNWD,R150,,Normal,building-lot,2022-10-24,"$350,000",0,,N,
N,975.03,1,,197 NOLAN AVE,1,10,00,00,PNWD,R150,,Normal,building-lot,2023-02-15,"$450,000",0,,N,
N,975.03,1,,197 NOLAN AVE,1,10,00,00,PNWD,R150,,Normal,building-lot,2022-10-24,"$350,000",0,,N,
N,975.03,2,,195 NOLAN AVE,1,10,00,00,PNWD,R150,,Normal,building-lot,2023-02-15,"$450,000",0,,N,
N,975.03,2,,195 NOLAN AVE,1,10,00,00,PNWD,R150,,Normal,building-lot,2022-10-24,"$350,000",0,,N,
N,975.03,3,,193 NOLAN AVE,1,10,00,00,PNWD,R150,,Normal,building-lot,2023-02-15,"$450,000",0,,N,
N,975.03,3,,193 NOLAN AVE,1,10,00,00,PNWD,R150,,Normal,building-lot,2022-10-24,"$350,000",0,,N,
N,975.03,4,,191 NOLAN AVE,1,10,00,00,PNWD,R150,,Normal,building-lot,2023-02-15,"$450,000",0,,N,
N,975.03,4,,191 NOLAN AVE,1,10,00,00,PNWD,R150,,Normal,building-lot,2022-10-24,"$350,000",0,,N,
N,975.03,5,,510 HALSEY AVE,1,10,00,00,PNWD,R150,,Normal,building-lot,2023-02-15,"$450,000",0,,N,
N,975.03,5,,510 HALSEY AVE,1,10,00,00,PNWD,R150,,Normal,building-lot,2022-10-24,"$350,000",0,,N,
N,975.04,1,,509 HALSEY AVE,1,10,00,00,PNWD,R150,,Normal,building-lot,2023-02-15,"$450,000",0,,N,
N,975.04,1,,509 HALSEY AVE,1,10,00,00,PNWD,R150,,Normal,building-lot,2022-10-24,"$350,000",0,,N,
N,975.04,2,,168 HALSEY AVE,1,10,00,00,PNWD,R150,,Normal,building-lot,2023-02-15,"$450,000",0,,N,
N,975.04,2,,168 HALSEY AVE,1,10,00,00,PNWD,R150,,Normal,building-lot,2022-10-24,"$350,000",0,,N,
N,975.04,3,,166 SOUTHERN BLVD,1,10,00,00,PNWD,R150,,Normal,building-lot,2023-02-15,"$450,000",0,,N,
N,975.04,3,,166 SOUTHERN BLVD,1,10,00,00,PNWD,R150,,Normal,building-lot,2022-10-24,"$350,000",0,,N,
N,975.04,4,,164 SOUTHERN BLVD,1,10,00,00,PNWD,R150,,Normal,building-lot,2023-02-15,"$450,000",0,,N,
N,975.04,4,,164 SOUTHERN BLVD,1,10,00,00,PNWD,R150,,Normal,building-lot,2022-10-24,"$350,000",0,,N,
N,975.04,5,,162 SOUTHERN BLVD,1,10,00,00,PNWD,R150,,Normal,building-lot,2023-02-15,"$450,000",0,,N,
N,975.04,5,,162 SOUTHERN BLVD,1,10,00,00,PNWD,R150,,Normal,building-lot,2022-10-24,"$350,000",0,,N,
N,975.04,6,,160 SOUTHERN BLVD,1,10,00,00,PNWD,R150,,Normal,building-lot,2023-02-15,"$450,000",0,,N,
N,975.04,6,,160 SOUTHERN BLVD,1,10,00,00,PNWD,R150,,Normal,building-lot,2022-10-24,"$350,000",0,,N,
N,975.04,7,,DETENTION BASIN,1,10,00,00,PNWD,R150,,Normal,building-lot,2023-02-15,"$450,000",0,,N,
N,975.04,7,,DETENTION BASIN,1,10,00,00,PNWD,R150,,Normal,building-lot,2022-10-24,"$350,000",0,,N,
N,975.05,2,,157 SOUTHERN BLVD,1,10,00,00,PNWD,R150,,Normal,building-lot,2023-02-15,"$450,000",0,,N,
N,975.05,2,,157 SOUTHERN BLVD,1,10,00,00,PNWD,R150,,Normal,building-lot,2022-10-24,"$350,000",0,,N,
N,975.05,3,,155 SOUTHERN BLVD,1,10,00,00,PNWD,R150,,Normal,building-lot,2023-02-15,"$450,000",0,,N,
N,975.05,3,,155 SOUTHERN BLVD,1,10,00,00,PNWD,R150,,Normal,building-lot,2022-10-24,"$350,000",0,,N,
N,975.05,4,,153 SOUTHERN BLVD,1,10,00,00,PNWD,R150,,Normal,building-lot,2023-02-15,"$450,000",0,,N,
N,975.05,4,,153 SOUTHERN BLVD,1,10,00,00,PNWD,R150,,Normal,building-lot,2022-10-24,"$350,000",0,,N,
N,976,8,,472 MULLER AVE,1,16,10,02,PNWD,R150,,Normal,building-lot,2025-02-12,"$227,000",0.52,"$436,538",N,
N,990,23.01,,191 SOUTHERN BLVD,1,10,10,02,PNWD,R400  ,,Normal,building-lot,2023-08-15,"$110,000",0.43,"$292,598",N,
